,Country,Happiness Score,Economy (GDP per Capita),Family,Health (Life Expectancy),Freedom,Generosity,Trust (Government Corruption),Dystopia Residual,Country Code,2017_lifeexp,NHLY,2017_co2,2017_ch4,2017_n2o,2017_pop,2017_extcostratio,2017_llpp_who,PCEC,ERHNI
0,Norway,7.53700017929077,1.61646318435669,1.53352355957031,0.796666502952576,0.635422587394714,0.36201223731041,0.315963834524155,2.27702665328979,NOR,82.609756097561,20.958096603067904,36900.0,4930.0,3210.0,5276968.0,1.4318466642462468,0.02,0.15300000000000002,20.73902406343823
1,Denmark,7.52199983596802,1.48238301277161,1.55112159252167,0.792565524578094,0.626006722450256,0.355280488729477,0.40077006816864,2.31370735168457,DNK,81.1024390243903,20.45403379161187,33330.0,7090.0,5080.0,5764980.0,2.027968758436204,0.20999999,1.6064999235,17.19610213632372
2,Iceland,7.50400018692017,1.480633020401,1.6105740070343,0.833552122116089,0.627162635326385,0.475540220737457,0.153526559472084,2.32271528244019,ISL,82.6609756097561,20.69830983778328,2170.0,540.0,410.0,343400.0,2.724571927539819,0.0,0.0,20.69830983778328
3,Switzerland,7.49399995803833,1.56497955322266,1.51691174507141,0.858131289482117,0.620070576667786,0.290549278259277,0.367007285356522,2.2767162322998,CHE,83.5512195121951,20.83767379574659,38620.0,4830.0,2180.0,8451840.0,0.6423051602294477,0.44,3.366,18.675674626414267
4,Finland,7.4689998626709,1.44357192516327,1.5402467250824,0.80915766954422,0.617950856685638,0.24548277258873,0.38261154294014,2.4301815032959,FIN,81.6317073170732,20.154867415544484,43010.0,4340.0,4650.0,5508214.0,1.9034054533108928,0.0,0.0,20.154867415544484
5,Netherlands,7.3769998550415,1.50394463539124,1.42893922328949,0.810696125030518,0.585384488105774,0.470489829778671,0.282661825418472,2.29480409622192,NLD,81.7609756097561,19.43458271724419,155910.0,17960.0,8080.0,17131296.0,1.1799438098303272,0.49000001,3.7485000765,15.011563255829508
6,Canada,7.31599998474121,1.47920441627502,1.48134899139404,0.83455765247345,0.611100912094116,0.435539722442627,0.287371516227722,2.18726444244385,CAN,81.9,18.968039875030513,562260.0,92380.0,41400.0,36545236.0,2.792354068414989,0.15000001,1.1475000764999999,15.763813367909227
7,New Zealand,7.31400012969971,1.40570604801178,1.54819512367249,0.816759705543518,0.614062130451202,0.500005125999451,0.382816702127457,2.0464563369751,NZL,81.6585365853659,18.895786424962516,32920.0,32630.0,15010.0,4813600.0,7.424850753943763,0.0,0.0,18.895786424962516
8,Sweden,7.28399991989136,1.49438726902008,1.47816216945648,0.830875158309937,0.612924098968506,0.385399252176285,0.384398728609085,2.09753799438477,SWE,82.409756097561,18.822387632509585,38330.0,4720.0,5100.0,10057698.0,1.1368958195880203,0.039999999,0.30599999235,18.474497520412903
9,Australia,7.28399991989136,1.484414935112,1.51004195213318,0.84388679265976,0.601607382297516,0.477699249982834,0.301183730363846,2.06521081924438,AUS,82.5,18.84299933910372,387200.0,139810.0,79440.0,24601860.0,7.559449491867306,0.0,0.0,18.84299933910372
10,Israel,7.21299982070923,1.37538242340088,1.37628996372223,0.83840399980545,0.405988603830338,0.330082654953003,0.0852421000599861,2.80175733566284,ISR,82.5512195121951,18.268583397981608,66040.0,11890.0,2320.0,8713300.0,0.7903340067162034,0.69999999,5.3549999235,14.03634485247689
11,Costa Rica,7.0789999961853,1.10970628261566,1.41640365123749,0.759509265422821,0.580131649971008,0.214613229036331,0.100106589496136,2.89863920211792,CRI,79.914,16.614120569515208,8180.0,4870.0,1920.0,4949955.0,0.9485723369612304,0.67000002,5.125500153,11.752212911288854
12,Austria,7.00600004196167,1.48709726333618,1.4599449634552,0.815328419208527,0.567766189575195,0.316472321748734,0.221060365438461,2.1385064125061,AUT,81.6439024390244,16.377767171859745,65830.0,6740.0,3630.0,8797566.0,1.0079580272664177,0.68000001,5.202000076499999,11.13436943691105
13,United States,6.99300003051758,1.54625928401947,1.41992056369781,0.77428662776947,0.505740523338318,0.392578780651093,0.135638788342476,2.2181134223938,USA,78.5390243902439,15.652827800657704,4813720.0,614500.0,249290.0,325122128.0,1.9442443343833071,0.2,1.5300000000000002,12.678133969051244
14,Ireland,6.97700023651123,1.53570663928986,1.55823111534119,0.80978262424469,0.573110342025757,0.42785832285881,0.29838815331459,1.77386903762817,IRL,82.1560975609756,16.24226243088884,37530.0,16770.0,9760.0,4807388.0,4.727178951682226,0.0,0.0,16.24226243088884
15,Germany,6.95100021362305,1.48792338371277,1.47252035140991,0.798950731754303,0.562511384487152,0.336269170045853,0.276731938123703,2.01576995849609,DEU,80.9926829268293,15.801674169214797,732200.0,54780.0,34580.0,82657002.0,1.014507546059813,0.55000001,4.2075000765,11.533133591558308
16,Belgium,6.89099979400635,1.46378076076508,1.46231269836426,0.818091869354248,0.539770722389221,0.231503337621689,0.251343131065369,2.12421035766602,BEL,81.4926829268293,15.410264662765906,92770.0,8180.0,4440.0,11375158.0,0.9598873553250122,0.50999999,3.9014999235,11.665264219396754
17,Luxembourg,6.86299991607666,1.74194359779358,1.45758366584778,0.845089495182037,0.59662789106369,0.283180981874466,0.31883442401886,1.61951208114624,LUX,82.0951219512195,15.294320530542512,9000.0,550.0,310.0,596336.0,1.3015956107088316,0.44999999,3.4424999235000002,10.813577740249423
18,United Kingdom,6.71400022506714,1.44163393974304,1.49646008014679,0.805335938930511,0.508190035820007,0.492774158716202,0.265428066253662,1.70414352416992,GBR,81.2560975609756,13.927296950758963,366380.0,51630.0,28280.0,66058859.0,1.0291818365949381,0.31999999,2.4479999235,11.407859893506966
19,Chile,6.65199995040894,1.25278460979462,1.28402495384216,0.819479703903198,0.376895278692245,0.326662421226501,0.0822879821062088,2.50958585739136,CHL,79.909,13.2009664037228,87040.0,13110.0,6320.0,18470435.0,0.8363407888717853,1.17,8.9505,5.715298172925886
20,United Arab Emirates,6.64799976348877,1.62634336948395,1.26641023159027,0.726798236370087,0.60834527015686,0.3609419465065,0.324489563703537,1.734703540802,ARE,77.647,12.796223763561258,208250.0,51830.0,7020.0,9487206.0,2.4357561437165405,1.28,9.792000000000002,-11.054700395711109
21,Brazil,6.63500022888184,1.10735321044922,1.43130600452423,0.616552352905273,0.437453746795654,0.16234989464283,0.111092761158943,2.76926708221436,BRA,75.456,12.337057727050816,449840.0,421660.0,184380.0,207833825.0,2.1278587864538805,0.52999997,4.0544997705,3.709654765717149
22,Czech Republic,6.60900020599365,1.35268235206604,1.43388521671295,0.754444003105164,0.490946173667908,0.0881067588925362,0.0368729270994663,2.45186185836792,CZE,78.9780487804878,12.707569675678139,103420.0,12430.0,5280.0,10594438.0,1.2569146301247562,1.0,7.65,3.0921727552237535
23,Argentina,6.59899997711182,1.18529546260834,1.44045114517212,0.695137083530426,0.494519203901291,0.109457060694695,0.059739887714386,2.61400532722473,ARG,76.372,12.211882625198394,180120.0,117570.0,48340.0,44044811.0,2.6640999449462694,0.49000001,3.7485000765,2.225503777763656
24,Mexico,6.57800006866455,1.15318381786346,1.210862159729,0.709978997707367,0.412730008363724,0.120990432798862,0.132774114608765,2.83715486526489,MEX,74.947,11.826637114620205,471810.0,143310.0,42880.0,124777326.0,0.8945125361356489,1.14,8.720999999999998,4.025593286981213
25,Singapore,6.57200002670288,1.69227766990662,1.35381436347961,0.949492394924164,0.549840569496155,0.345965981483459,0.46430778503418,1.21636199951172,SGP,83.0951219512195,13.062553392619611,47430.0,4050.0,9310.0,5612253.0,3.578885545348561,0.73000002,5.5845001530000005,-6.923733482948917
26,Malta,6.52699995040894,1.34327983856201,1.48841166496277,0.821944236755371,0.588767051696777,0.574730575084686,0.153066068887711,1.55686283111572,MLT,82.3463414634146,12.574285933099175,1520.0,220.0,40.0,467999.0,0.26360106762249164,0.19,1.4535,12.191141781309883
27,Uruguay,6.4539999961853,1.21755969524384,1.41222786903381,0.719216823577881,0.57939225435257,0.175096929073334,0.178061872720718,2.17240953445435,URY,77.632,11.287692770385723,6080.0,21370.0,7760.0,3436645.0,5.538371049601051,0.25999999,1.9889999235,0.2718731764146174
28,Guatemala,6.4539999961853,0.872001945972443,1.25558519363403,0.540239989757538,0.531310617923737,0.283488392829895,0.0772232785820961,2.89389109611511,GTM,73.81,10.7319739718437,16510.0,11660.0,4990.0,16087418.0,0.7479271372425977,2.1500001,16.447500765,-1.5695581901181868
29,Panama,6.4520001411438,1.23374843597412,1.37319254875183,0.706156134605408,0.550026834011078,0.21055693924427,0.070983923971653,2.30719995498657,PAN,78.149,11.34723590302468,10250.0,5260.0,1300.0,4106764.0,0.848542267977332,0.34,2.6010000000000004,9.14017746401564
30,France,6.44199991226196,1.43092346191406,1.38777685165405,0.844465851783752,0.470222115516663,0.129762306809425,0.172502428293228,2.00595474243164,FRA,82.5756097560976,11.907402202327063,316360.0,59130.0,38470.0,66918020.0,1.3407606577540274,0.37,2.8305000000000002,8.112379160554287
31,Thailand,6.42399978637695,1.12786877155304,1.42579245567322,0.647239029407501,0.580200731754303,0.572123110294342,0.0316127352416515,2.03950834274292,THA,76.683,10.919657561874363,260660.0,84450.0,21330.0,69209817.0,0.8312860346429458,1.5700001,12.010500765,0.9354960068614453
32,Spain,6.40299987792969,1.38439786434174,1.53209090232849,0.888960599899292,0.408781230449677,0.190133571624756,0.0709140971302986,1.92775774002075,ESP,83.2829268292683,11.684593617509075,263440.0,39600.0,20140.0,46593236.0,1.0480047081737334,0.18000001,1.3770000765,10.241491054181484
33,Qatar,6.375,1.87076568603516,1.27429687976837,0.710098087787628,0.604130983352661,0.330473870038986,0.439299255609512,1.1454644203186,QAT,79.981,10.9973875,87680.0,8080.0,940.0,2724727.0,1.3401142100216676,2.8199999,21.572999235,-17.912895327610066
34,Colombia,6.35699987411499,1.07062232494354,1.4021829366684,0.595027923583984,0.477487415075302,0.149014472961426,0.0466687418520451,2.61606812477112,COL,76.925,10.438721531629563,76060.0,74540.0,21080.0,48909844.0,1.1123400871202704,0.98000002,7.497000153,2.0995077283008623
35,Saudi Arabia,6.3439998626709,1.53062355518341,1.28667759895325,0.590148329734802,0.449750572443008,0.147616013884544,0.27343225479126,2.0654296875,SAU,74.874,10.063064571762098,540700.0,43370.0,5690.0,33101183.0,0.6463530467431037,2.0999999,16.064999235,-0.32059662970578096
36,Trinidad and Tobago,6.16800022125244,1.36135590076447,1.3802285194397,0.519983291625977,0.518630743026733,0.325296461582184,0.0089648161083459,2.05324745178223,TTO,73.245,8.555017620563495,18190.0,1270.0,390.0,1384060.0,0.79690615419176,0.0,0.0,8.555017620563495
37,Kuwait,6.10500001907349,1.63295245170593,1.25969874858856,0.632105708122253,0.496337592601776,0.228289797902107,0.215159550309181,1.64042520523071,KWT,75.311,8.32186564364436,89720.0,5970.0,740.0,4056102.0,0.7291812405734629,1.23,9.4095,1.460634760468361
38,Slovakia,6.09800004959106,1.32539355754852,1.50505924224854,0.712732911109924,0.295817464590073,0.136544480919838,0.0242108516395092,2.09777665138245,SVK,77.1658536585366,8.472811114380967,33580.0,4360.0,1900.0,5439232.0,0.8736312011403337,1.1799999,9.026999235,0.5865429300150442
39,Bahrain,6.08699989318848,1.48841226100922,1.32311046123505,0.653133034706116,0.536746919155121,0.172668486833572,0.257042169570923,1.65614938735962,BHR,77.032,8.3733775772095,30380.0,14540.0,70.0,1494077.0,1.5917990106135484,1.63,12.4695,-11.475560185636144
40,Malaysia,6.08400011062622,1.29121541976929,1.28464603424072,0.618784427642822,0.402264982461929,0.416608929634094,0.0656007081270218,2.00444889068604,MYS,75.828,8.2197560388565,222890.0,46460.0,11610.0,31104655.0,1.0263264782756127,0.77999997,5.9669997705,2.0956661785278454
41,Nicaragua,6.07100009918213,0.737299203872681,1.28721570968628,0.653095960617065,0.447551846504211,0.301674216985703,0.130687981843948,2.51393055915833,NIC,74.068,7.9326835346222,5400.0,9510.0,3460.0,6384843.0,1.331571316249239,0.77999997,5.9669997705,-0.0128022038413933
42,Ecuador,6.00799989700317,1.00082039833069,1.28616881370544,0.685636222362518,0.4551981985569,0.150112465023994,0.140134647488594,2.29035258293152,ECU,76.584,7.71966641120908,37760.0,20690.0,4820.0,16785356.0,0.7795333713990721,1.0700001,8.185500764999999,1.3387954032789473
43,El Salvador,6.00299978256226,0.909784495830536,1.18212509155273,0.596018552780151,0.432452529668808,0.0782579854130745,0.0899809598922729,2.7145938873291,SLV,72.872,7.309060015487704,6380.0,3980.0,1250.0,6388124.0,0.4973315558407193,1.96,14.994,-0.1479293327880411
44,Poland,5.97300004959106,1.29178786277771,1.44571197032928,0.699475347995758,0.520342111587524,0.158465966582298,0.0593078061938286,1.79772281646729,POL,77.7536585365854,7.565431361198396,312820.0,47240.0,21550.0,37974826.0,1.399204095152581,1.42,10.862999999999998,-7.634122724444088
45,Italy,5.96400022506714,1.39506661891937,1.44492328166962,0.853144347667694,0.256450712680817,0.17278964817524,0.0280280914157629,1.81331205368042,ITA,82.9463414634147,7.996029183922759,329190.0,44340.0,17960.0,60536709.0,0.7505033114732149,0.94999999,7.267499923499999,2.541746425204673
46,Russia,5.96299982070923,1.28177809715271,1.46928238868713,0.547349333763123,0.373783111572266,0.0522638224065304,0.0329628810286522,2.20560741424561,RUS,72.4514634146342,6.97707462784141,1557190.0,850170.0,58660.0,144496739.0,1.7312451188739324,0.68000001,5.202000076499999,-2.028862612981036
47,Belize,5.95599985122681,0.907975316047668,1.08141779899597,0.450191766023636,0.547509372234344,0.240015640854836,0.0965810716152191,2.63195562362671,BLZ,74.365,7.109292893648174,650.0,520.0,230.0,375775.0,1.467411152823315,0.40000001,3.0600000765,2.6190146537518766
48,Japan,5.92000007629395,1.41691517829895,1.43633782863617,0.913475871086121,0.505625545978546,0.12057276815176,0.163760736584663,1.36322355270386,JPN,84.099756097561,7.737178202605868,1151930.0,21220.0,18080.0,126972000.0,0.37744060695990567,0.58999997,4.513499770500001,6.0336001097149525
49,Lithuania,5.90199995040894,1.31458234786987,1.47351610660553,0.62894994020462,0.234231784939766,0.010164656676352,0.0118656428530812,2.22844052314758,LTU,75.4804878048781,6.8083396256842645,11220.0,3230.0,3660.0,2828403.0,2.8551868265744544,0.60000002,4.590000153,-6.296968345136066
50,Algeria,5.87200021743774,1.09186446666718,1.1462174654007,0.617584645748138,0.233335807919502,0.0694366469979286,0.146096110343933,2.56760382652283,DZA,76.499,6.670714463376965,145100.0,49460.0,11920.0,41389174.0,0.7843734021005078,0.13,0.9944999999999999,5.89065511498801
51,Latvia,5.84999990463257,1.26074862480164,1.40471494197845,0.638566970825195,0.325707912445068,0.153074786067009,0.0738427266478539,1.99365520477295,LVA,74.6292682926829,6.343487093157895,7120.0,1960.0,1920.0,1942248.0,2.2045133360187745,0.66000003,5.049000229499999,-4.7871012463367055
52,South Korea,5.83799982070923,1.40167844295502,1.12827444076538,0.900214076042175,0.257921665906906,0.206674367189407,0.0632826685905457,1.88037800788879,KOR,82.6268292682927,6.924126811260147,625350.0,25600.0,10600.0,51361911.0,0.5763664742818422,1.54,11.780999999999999,0.13395337774576532
53,Moldova,5.83799982070923,0.728870630264282,1.25182557106018,0.589465200901031,0.240729048848152,0.208779126405716,0.0100912861526012,2.80780839920044,MDA,71.717,6.009883314180388,8160.0,3370.0,1060.0,2755158.0,0.9842273638599666,1.17,8.9505,-2.799443706048243
54,Romania,5.82499980926514,1.21768391132355,1.15009129047394,0.685158312320709,0.457003742456436,0.133519917726517,0.00438790069893,2.17683148384094,ROU,75.309756097561,6.2130534416292065,74100.0,24130.0,8500.0,19588715.0,1.0923693218149115,1.28,9.792000000000002,-4.4834269575824095
55,Bolivia,5.82299995422363,0.833756566047668,1.22761905193329,0.473630249500275,0.558732926845551,0.22556072473526,0.0604777261614799,2.44327902793884,BOL,70.945,5.8387731752395435,22250.0,24870.0,8850.0,11192853.0,1.9546815362563537,2.0899999,15.988499234999999,-25.41365107186379
56,Turkmenistan,5.82200002670288,1.13077676296234,1.49314916133881,0.437726080417633,0.41827192902565,0.24992498755455,0.259270340204239,1.83290982246399,TKM,67.956,5.585983381462092,71960.0,49870.0,3430.0,5757667.0,2.522295927874523,0.47999999,3.6719999235,-3.6758870727375195
57,Kazakhstan,5.81899976730347,1.28455626964569,1.38436901569366,0.606041550636292,0.437454283237457,0.201964423060417,0.119282886385918,1.78489255905151,KAZ,72.95,5.974603302478817,225560.0,43290.0,13380.0,18037776.0,1.9486541457704096,0.95999998,7.343999847,-8.336312445914986
58,North Cyprus,5.80999994277954,1.3469113111496,1.18630337715149,0.834647238254547,0.471203625202179,0.266845703125,0.155353352427483,1.54915761947632,CYP,80.672,6.534431538391106,7300.0,730.0,370.0,1179685.0,0.7746075451043478,0.66000003,5.049000229499999,2.6234378653868227
59,Slovenia,5.75799989700317,1.3412059545517,1.45251882076263,0.790828227996826,0.572575807571411,0.242649093270302,0.0451289787888527,1.31331729888916,SVN,81.0292682926829,6.14201770200959,14140.0,2000.0,790.0,2066388.0,0.9693814265872869,1.02,7.803,-1.422065569651009
60,Peru,5.71500015258789,1.03522527217865,1.21877038478851,0.630166113376617,0.450002878904343,0.126819714903831,0.0470490865409374,2.20726943016052,PER,76.286,5.454450164031976,53990.0,31110.0,9800.0,31444299.0,0.7925506992499132,1.954120098,14.949018749699999,-6.393405099142821
61,Mauritius,5.62900018692017,1.18939554691315,1.20956099033356,0.638007462024689,0.491247326135635,0.360933750867844,0.0421815551817417,1.6975839138031,MUS,74.5146341463415,4.686971880633686,4180.0,1910.0,230.0,1264613.0,0.6081979919505439,0.0,0.0,4.686971880633686
62,Cyprus,5.62099981307983,1.35593807697296,1.13136327266693,0.84471470117569,0.355111539363861,0.271254301071167,0.0412379764020443,1.62124919891357,CYP,80.672,5.009729692077609,7300.0,730.0,370.0,1179685.0,0.7746075451043478,0.66000003,5.049000229499999,1.0987360190733257
63,Estonia,5.61100006103516,1.32087934017181,1.47667109966278,0.695168316364288,0.479131430387497,0.0988908112049103,0.183248922228813,1.35750865936279,EST,78.0926829268293,4.771463403469209,16280.0,1060.0,1360.0,1317384.0,2.3241275767889773,0.059999999,0.45899999234999994,3.7046888635026445
64,Belarus,5.56899976730347,1.15655755996704,1.44494521617889,0.637714266777039,0.295400261878967,0.15513750910759,0.156313821673393,1.72323298454285,BLR,74.1292682926829,4.217953640891309,56240.0,16720.0,12160.0,9458989.0,2.9383123200485777,0.77999997,5.9669997705,-13.314955298495878
65,Libya,5.52500009536743,1.10180306434631,1.35756433010101,0.520169019699097,0.465733230113983,0.152073666453362,0.0926102101802826,1.83501124382019,LBY,72.52,3.8073006916046013,56810.0,33840.0,1950.0,6580723.0,1.387225404790626,0.20999999,1.6064999235,1.5787231849312042
66,Turkey,5.5,1.19827437400818,1.33775317668915,0.637605607509613,0.300740599632263,0.0466930419206619,0.0996715798974037,1.87927794456482,TUR,77.161,3.8580500000000004,415900.0,44980.0,34620.0,81116451.0,0.99196415621544,1.72,13.158000000000001,-9.19421436748276
67,Paraguay,5.49300003051758,0.932537317276001,1.50728487968445,0.579250693321228,0.473507791757584,0.224150657653809,0.091065913438797,1.6853334903717,PRY,73.992,3.647805825805678,8000.0,30100.0,10940.0,6867058.0,3.906414369357689,0.75,5.7375,-18.76524661838406
68,Philippines,5.42999982833862,0.85769921541214,1.25391757488251,0.468009054660797,0.585214674472809,0.193513423204422,0.0993318930268288,1.97260475158691,PHL,70.952,3.0509347820281794,136590.0,67430.0,14330.0,105172921.0,0.3792816365676877,1.17,8.9505,-0.34382550607090945
69,Serbia,5.39499998092651,1.06931757926941,1.25818979740143,0.65078467130661,0.208715528249741,0.220125883817673,0.0409037806093693,1.94708442687988,SRB,75.5390243902439,2.983791319335352,46900.0,12430.0,4590.0,7020858.0,1.6403880050143802,1.65,12.622499999999999,-17.72200627395866
70,Jordan,5.33599996566772,0.991012394428253,1.23908889293671,0.604590058326721,0.418421149253845,0.172170460224152,0.11980327218771,1.79117655754089,JOR,74.292,2.496210944938627,26100.0,6160.0,1260.0,9785840.0,0.3712997135842425,1.15,8.7975,-0.7702982853187463
71,Hungary,5.32399988174438,1.2860119342804,1.34313309192657,0.687763452529907,0.175863519310951,0.0784016624093056,0.0366369374096394,1.71645927429199,HUN,75.8170731707317,2.45647227415221,46550.0,7140.0,5450.0,9787966.0,1.2821218270219588,1.21,9.256499999999999,-9.41148841767655
72,Jamaica,5.31099987030029,0.925579309463501,1.36821806430817,0.641022384166718,0.474307239055634,0.233818337321281,0.0552677810192108,1.61232566833496,JAM,74.267,2.309702736759166,7190.0,790.0,410.0,2920848.0,0.34372021798277635,0.56999999,4.3604999235,0.8109107525398662
73,Croatia,5.29300022125244,1.22255623340607,0.96798300743103,0.701288521289825,0.255772292613983,0.248002976179123,0.0431031100451946,1.85449242591858,HRV,77.8268292682927,2.2803278194985603,17480.0,3760.0,1760.0,4124531.0,1.03578561234799,1.16,8.873999999999999,-6.911233704477502
74,China,5.27299976348877,1.08116579055786,1.16083741188049,0.741415500640869,0.472787708044052,0.0288068410009146,0.0227942746132612,1.76493859291077,CHN,76.47,2.0876291913986273,10017770.0,1239130.0,542100.0,1396215000.0,0.97264162217326,3.48,26.622,-23.8060360740979
75,Pakistan,5.26900005340576,0.72688353061676,0.672690689563751,0.402047783136368,0.23521526157856,0.315446019172668,0.124348066747189,2.79248929023743,PAK,66.947,1.8008746575355412,197700.0,147540.0,60070.0,207906210.0,0.7014725314051216,3.5699999,27.310499235,-17.356690374777546
76,Indonesia,5.26200008392334,0.995538592338562,1.27444469928741,0.492345720529556,0.443323463201523,0.611704587936401,0.0153171354904771,1.42947697639465,IDN,71.282,1.867588998222351,532920.0,283940.0,92500.0,264650969.0,0.8842791597633647,1.11,8.4915,-5.64126748690826
77,Venezuela,5.25,1.12843120098114,1.43133759498596,0.617144227027893,0.153997123241425,0.0650196298956871,0.0644911229610443,1.78946375846863,VEN,72.246,1.80615,148740.0,72500.0,13030.0,29402480.0,1.2923363940992985,0.81999999,6.2729999235000005,-6.300676101321167
78,Montenegro,5.23699998855591,1.12112903594971,1.23837649822235,0.667464673519135,0.194989055395126,0.197911024093628,0.0881741940975189,1.72919154167175,MNE,76.4853658536585,1.8127030832011652,2230.0,830.0,180.0,622373.0,0.8067675421227516,1.15,8.7975,-5.284834368623741
79,Morocco,5.2350001335144,0.878114581108093,0.774864435195923,0.59771066904068,0.408158332109451,0.0322099551558495,0.0877631828188896,2.45618939399719,MAR,76.218,1.7911240176200531,65930.0,17390.0,9300.0,35581257.0,0.6197682201793363,0.2,1.5300000000000002,0.8428786407456684
80,Azerbaijan,5.23400020599365,1.15360176563263,1.15240025520325,0.540775775909424,0.398155838251114,0.0452693402767181,0.180987507104874,1.76248168945312,AZE,72.693,1.7010176974296376,31970.0,44230.0,3870.0,9854033.0,1.4588902386915612,0.76999998,5.890499847,-6.892575030372797
81,Dominican Republic,5.23000001907349,1.07937383651733,1.40241670608521,0.574873745441437,0.55258983373642,0.186967849731445,0.113945253193378,1.31946516036987,DOM,73.689,1.6948471405506396,23390.0,9100.0,3280.0,10513111.0,0.7793121777090622,0.25999999,1.9889999235,0.14479527870469644
82,Greece,5.22700023651123,1.28948748111725,1.23941457271576,0.810198903083801,0.0957312509417534,0.0,0.04328977689147,1.74922156333923,GRC,81.2878048780488,1.8452350932795762,66800.0,9460.0,4460.0,10754679.0,1.0196659725026191,0.64999998,4.972499847,-3.2250537989808037
83,Lebanon,5.22499990463257,1.07498753070831,1.12962424755096,0.735081076622009,0.288515985012054,0.264450758695602,0.037513829767704,1.69507384300232,LBN,78.833,1.77374174818994,29280.0,3170.0,760.0,6819373.0,0.3234118567805716,1.0700001,8.185500764999999,-0.8735462528974987
84,Portugal,5.19500017166138,1.3151752948761,1.36704301834106,0.795843541622162,0.498465299606323,0.0951027125120163,0.0158694516867399,1.10768270492554,PRT,81.4243902439025,1.587777007498415,53330.0,11510.0,3240.0,10300300.0,0.839438178720374,0.14,1.0710000000000002,0.6887387180888943
85,Bosnia and Herzegovina,5.18200016021729,0.982409417629242,1.0693359375,0.705186307430267,0.204403176903725,0.328867495059967,0.0,1.89217257499695,BIH,77.128,1.4037308357239113,22650.0,3420.0,1210.0,3351534.0,0.9322643424097682,2.1199999,16.217999235,-13.715731556295488
86,Honduras,5.18100023269653,0.730573117733002,1.14394497871399,0.582569479942322,0.348079860210419,0.236188873648643,0.0733454525470734,2.06581115722656,HND,74.898,1.3556555428504677,9000.0,8010.0,3120.0,9429016.0,0.8076024570076835,1.66,12.698999999999998,-8.900088058690104
87,Macedonia,5.17500019073486,1.06457793712616,1.20789301395416,0.644948184490204,0.325905978679657,0.25376096367836,0.0602777935564518,1.6174693107605,MKD,75.9536585365854,1.3291904730912851,7860.0,2520.0,570.0,2074502.0,0.7617203224045592,1.95,14.917499999999999,-10.033772436378726
88,Somalia,5.15100002288818,0.0226431842893362,0.721151351928711,0.113989137113094,0.602126955986023,0.291631311178207,0.282410323619843,3.11748456954956,SOM,56.709,0.8563060297965803,660.0,19400.0,6600.0,14589165.0,1.119275766144036,0.28999999,2.2184999235,-1.6268071717693675
89,Vietnam,5.07399988174438,0.788547575473785,1.27749133110046,0.652168989181519,0.571055591106415,0.234968051314354,0.0876332372426987,1.46231865882874,VNM,75.241,0.556782510232892,222130.0,88650.0,23790.0,94600643.0,0.6653019629228373,2.0699999,15.835499234999999,-9.978606214675695
90,Nigeria,5.07399988174438,0.783756256103516,1.21577048301697,0.0569157302379608,0.394952565431595,0.230947196483612,0.0261215660721064,2.36539053916931,NGA,53.95,0.3992293620109319,112920.0,126830.0,37290.0,190873247.0,0.49977308580843516,1.75,13.387500000000001,-6.291482824249495
91,Tajikistan,5.04099988937378,0.524713635444641,1.27146327495575,0.529235124588013,0.471566706895828,0.248997643589973,0.146377146244049,1.84904932975769,TJK,70.647,0.2896519184589449,6370.0,5490.0,1970.0,8880270.0,0.5487579255615692,1.2,9.18,-4.7479458381962605
92,Bhutan,5.01100015640259,0.885416388511658,1.34012651443481,0.495879292488098,0.501537680625916,0.474054545164108,0.173380389809608,1.14018440246582,BTN,71.129,0.07824301247598005,1330.0,870.0,180.0,745563.0,0.6729291768699736,2.0999999,16.064999235,-10.732363699149325
93,Kyrgyzstan,5.00400018692017,0.596220076084137,1.39423859119415,0.553457796573639,0.454943388700485,0.42858037352562,0.0394391790032387,1.53672313690186,KGZ,71.2,0.028481330871607327,9340.0,4880.0,1850.0,6198200.0,0.7357159656229479,1.0700001,8.185500764999999,-5.993722268557746
94,Nepal,4.96199989318848,0.479820191860199,1.17928326129913,0.504130780696869,0.440305948257446,0.394096165895462,0.0729755461215973,1.8912410736084,NPL,70.169,-0.26664294948575384,11030.0,30510.0,7960.0,27632682.0,0.7511419812555029,3.9000001,29.835000765,-22.6769645348673
95,Mongolia,4.95499992370605,1.02723586559296,1.4930112361908,0.557783484458923,0.394143968820572,0.338464230298996,0.0329022891819477,1.11129236221313,MNG,69.509,-0.31279103031161537,19470.0,17950.0,13240.0,3113788.0,9.618004240705563,2.9000001,22.185000765,-213.68822246813778
96,South Africa,4.8289999961853,1.05469870567322,1.38478863239288,0.187080070376396,0.479246735572815,0.139362379908562,0.0725094974040985,1.51090860366821,ZAF,63.538,-1.0864998242378405,435140.0,44990.0,19150.0,57009751.0,0.8539499901377078,1.61,12.316500000000001,-11.60417487776892
97,Tunisia,4.80499982833862,1.00726580619812,0.868351459503174,0.613212049007416,0.289680689573288,0.0496933571994305,0.0867231488227844,1.89025115966797,TUN,76.31,-1.488046309947988,29890.0,6330.0,3240.0,11433438.0,0.6792947209984328,0.43000001,3.2895000765,-3.7225863466383786
98,Egypt,4.7350001335144,0.989701807498932,0.997471392154694,0.520187258720398,0.282110154628754,0.128631442785263,0.114381365478039,1.70216107368469,EGY,71.656,-1.8988830432892165,238690.0,56050.0,22050.0,96442590.0,0.569288898134117,1.36,10.404000000000002,-7.821764739476571
99,Bulgaria,4.71400022506714,1.1614590883255,1.43437945842743,0.708217680454254,0.289231717586517,0.113177694380283,0.0110515309497714,0.996139287948608,BGR,74.8146341463415,-2.1396968527537967,44040.0,7030.0,4050.0,7075947.0,1.3608721920314166,1.39,10.6335,-16.610531306719864
100,Sierra Leone,4.70900011062622,0.36842092871666,0.984136044979095,0.0055647538974881,0.318697690963745,0.293040901422501,0.0710951760411263,2.66845989227295,SLE,53.895,-1.5683439037799884,970.0,4740.0,1620.0,7488427.0,0.5355501643313983,0.64999998,4.972499847,-4.231367013978692
101,Cameroon,4.69500017166138,0.564305365085602,0.946018218994141,0.132892116904259,0.430388748645782,0.236298456788063,0.0513066314160824,2.3336455821991,CMR,58.511,-1.784584495592102,8320.0,14800.0,62680.0,24566070.0,5.349485515470727,2.52,19.278,-104.91196626283677
102,Iran,4.69199991226196,1.15687310695648,0.711551249027252,0.639333188533783,0.249322608113289,0.387242913246155,0.048761073499918,1.49873495101929,IRN,76.271,-2.3491474691868035,620780.0,146030.0,37210.0,80673888.0,1.255554706451682,1.24,9.486,-14.25933941458746
103,Albania,4.64400005340576,0.996192753314972,0.803685247898102,0.731159746646881,0.381498634815216,0.201312944293022,0.0398642159998417,1.49044156074524,ALB,78.333,-2.7886543816566607,5600.0,3210.0,1210.0,2873457.0,1.037677245231128,0.89999998,6.8849998470000005,-9.933062056308358
104,Bangladesh,4.60799980163574,0.586682975292206,0.735131740570068,0.533241033554077,0.478356659412384,0.172255352139473,0.123717859387398,1.97873616218567,BGD,72.052,-2.8244398292541635,78710.0,82590.0,28400.0,159685421.0,0.4424080293263592,5.6799998,43.45199847,-22.047952842658837
105,Namibia,4.57399988174438,0.964434325695038,1.0984708070755,0.33861181139946,0.520303547382355,0.0771337449550629,0.0931469723582268,1.4818902015686,NAM,63.021,-2.684695345258741,4330.0,4960.0,3320.0,2402623.0,3.1507987951888317,0.92000002,7.0380001530000005,-24.860017747869957
106,Kenya,4.55299997329712,0.560479462146759,1.06795072555542,0.309988349676132,0.452763766050339,0.444860309362411,0.0646413192152977,1.6519021987915,KEN,65.909,-2.9461324759960124,18890.0,38630.0,17530.0,50221146.0,0.8299971648929602,0.88,6.732,-8.533673390055421
107,Mozambique,4.55000019073486,0.234305649995804,0.870701014995575,0.106654435396194,0.480791091918945,0.322228103876114,0.179436385631561,2.35565090179443,MOZ,59.309,-2.66890386877062,6020.0,15830.0,9760.0,28649007.0,0.7813313113719519,0.64999998,4.972499847,-6.55407369502396
108,Myanmar,4.54500007629395,0.367110550403595,1.12323594093323,0.397522568702698,0.514492034912109,0.838075160980225,0.188816204667091,1.11529040336609,MMR,66.558,-3.0283884922027298,31400.0,67120.0,21140.0,53382521.0,0.9964713324798284,2.3299999,17.824499234999998,-20.78999099568886
109,Senegal,4.53499984741211,0.479309022426605,1.17969191074371,0.409362852573395,0.377922266721725,0.183468893170357,0.115460447967052,1.78964614868164,SEN,67.38,-3.133171028137201,9570.0,10780.0,7970.0,15419354.0,1.1680146265546552,0.050000001,0.3825000076500001,-3.5799366317296686
110,Zambia,4.51399993896484,0.636406779289246,1.00318729877472,0.257835894823074,0.461603492498398,0.249580144882202,0.0782135501503944,1.82670545578003,ZMB,63.043,-3.063890184783958,6990.0,17450.0,14680.0,16853608.0,1.944145137218053,1.36,10.404000000000002,-23.290776192400585
111,Iraq,4.49700021743774,1.10271048545837,0.978613197803497,0.501180469989777,0.288555532693863,0.19963726401329,0.107215754687786,1.31890726089478,IRQ,70.294,-3.535786671543153,174290.0,16340.0,5300.0,37552789.0,0.38280743344821927,1.97,15.0705,-9.304886097324541
112,Gabon,4.46500015258789,1.1982102394104,1.1556202173233,0.356578588485718,0.312328577041626,0.0437853783369064,0.0760467872023582,1.32291626930237,GAB,65.839,-3.522385495376593,4700.0,1150.0,490.0,2064812.0,0.5824788365968941,1.55,11.857499999999998,-10.429128300324265
113,Ethiopia,4.46000003814697,0.339233845472336,0.86466920375824,0.353409707546234,0.408842742443085,0.312650740146637,0.165455713868141,2.01574373245239,ETH,65.872,-3.5570877487182795,15460.0,102660.0,51880.0,106399926.0,1.1415683920454953,1.12,8.568000000000001,-13.338045731764085
114,Sri Lanka,4.44000005722046,1.00985014438629,1.25997638702393,0.625130832195282,0.561213254928589,0.490863561630249,0.0736539661884308,0.419389247894287,LKA,76.648,-4.292287561416619,23310.0,9110.0,2350.0,21444000.0,0.2926466225768834,1.36,10.404000000000002,-7.336983022706514
115,Armenia,4.37599992752075,0.900596737861633,1.00748372077942,0.637524425983429,0.198303267359734,0.0834880918264389,0.0266744215041399,1.5214991569519,ARM,74.797,-4.667333342123045,5320.0,2510.0,1220.0,2944789.0,0.9856976182255403,1.42,10.862999999999998,-15.374966568907087
116,India,4.31500005722046,0.792221248149872,0.754372596740723,0.455427616834641,0.469987004995346,0.231538489460945,0.0922268852591515,1.5191171169281,IND,69.165,-4.73780210423469,2301440.0,661610.0,248300.0,1338676779.0,0.4630997730936897,4.6900001,35.878500765,-21.35312766744796
117,Mauritania,4.29199981689453,0.648457288742065,1.2720308303833,0.285349279642105,0.0960980430245399,0.201870024204254,0.136957004666328,1.65163731575012,MRT,64.464,-4.5640523803711,3800.0,6860.0,3230.0,4282582.0,1.785488977679228,0.0099999998,0.07649999847,-4.700642284431763
118,Georgia,4.28599977493286,0.950612664222717,0.57061493396759,0.649546980857849,0.309410035610199,0.0540088154375553,0.251666635274887,1.50013780593872,GEO,73.414,-5.2417612523078985,9630.0,5310.0,2100.0,3728004.0,1.3781676193661911,1.05,8.0325,-16.31189265486683
119,Congo (Kinshasa),4.28000020980835,0.0921023488044739,1.22902345657349,0.191407024860382,0.235961347818375,0.246455833315849,0.0602413564920425,2.22495865821838,COD,60.026,-4.321870740604401,2280.0,38830.0,16630.0,81398765.0,0.4882674645735576,2.51,19.2015,-13.697338461613565
120,Mali,4.19000005722046,0.476180493831635,1.28147339820862,0.169365674257278,0.306613743305206,0.183354198932648,0.104970246553421,1.66819095611572,MLI,58.452,-4.734611665534968,5050.0,22530.0,13640.0,18512429.0,1.6917040898846323,0.12,0.9179999999999999,-6.28759602004906
121,Cambodia,4.16800022125244,0.601765096187592,1.00623834133148,0.429783403873444,0.633375823497772,0.385922968387604,0.0681059509515762,1.04294109344482,KHM,69.289,-5.764843266963972,11370.0,20470.0,5280.0,16009413.0,0.8636958935815562,1.04,7.9559999999999995,-12.636407796298833
122,Sudan,4.13899993896484,0.65951669216156,1.21400856971741,0.290920823812485,0.0149958552792668,0.182317450642586,0.089847519993782,1.68706583976746,SDN,64.881,-5.58625449600222,20340.0,58410.0,29270.0,40813398.0,1.6826223608911364,0.56,4.284000000000001,-12.79460869005985
123,Ghana,4.11999988555908,0.667224824428558,0.873664736747742,0.295637726783752,0.423026293516159,0.256923943758011,0.0253363698720932,1.57786750793457,GHA,63.463,-5.584744726276409,14780.0,20850.0,6150.0,29121464.0,0.5390400443966237,0.81,6.1965,-8.924906361380089
124,Ukraine,4.09600019454956,0.89465194940567,1.39453756809235,0.575903952121735,0.122974775731564,0.270061463117599,0.0230294708162546,0.814382314682007,UKR,71.7809756097561,-6.488998798626232,174840.0,63650.0,24770.0,44831135.0,1.3640400319268888,1.12,8.568000000000001,-18.17609379217582
125,Uganda,4.08099985122681,0.381430715322495,1.12982773780823,0.217632606625557,0.443185955286026,0.325766056776047,0.057069718837738,1.526362657547,UGA,62.516,-5.745221330070473,5840.0,32770.0,15330.0,41166588.0,0.8803185322852494,1.73,13.2345,-17.395796945599606
126,Burkina Faso,4.03200006484985,0.3502277135849,1.04328000545502,0.215844258666039,0.324367851018906,0.250864684581757,0.120328105986118,1.72721290588379,BFA,60.768,-5.882342005920432,4070.0,15590.0,9860.0,19193236.0,1.1745871612420882,0.34,2.6010000000000004,-8.937443212311104
127,Niger,4.02799987792969,0.161925330758095,0.993025004863739,0.26850500702858,0.36365869641304,0.228673845529556,0.138572946190834,1.87398338317871,NER,61.599,-5.987423551940902,2070.0,28690.0,11690.0,21602388.0,1.3024552919606864,0.55000001,4.2075000765,-11.46750429250332
128,Malawi,3.97000002861023,0.233442038297653,0.512568831443787,0.315089583396912,0.466914653778076,0.287170469760895,0.0727116540074348,2.08178615570068,MWI,63.279,-6.517736818957326,1500.0,10530.0,4220.0,17670193.0,0.5764584792740275,1.08,8.262,-11.280436774719341
129,Chad,3.93600010871887,0.438012987375259,0.953855872154236,0.0411347150802612,0.16234202682972,0.216113850474358,0.0535818822681904,2.07123804092407,TCD,53.712,-5.714956216049207,1020.0,52140.0,23880.0,15016761.0,3.7658382003578814,0.58999997,4.513499770500001,-22.71206606910464
130,Zimbabwe,3.875,0.375846534967422,1.08309590816498,0.196763753890991,0.336384207010269,0.189143493771553,0.0953753814101219,1.59797024726868,ZWE,60.812,-6.84135,10230.0,11560.0,6280.0,14236599.0,1.0281520152925243,0.92000002,7.0380001530000005,-14.077484040936046
131,Lesotho,3.80800008773804,0.521021246910095,1.19009518623352,0.0,0.390661299228668,0.157497271895409,0.119094640016556,1.42983531951904,LSO,52.947,-6.311281935453399,2440.0,2360.0,850.0,2091532.0,1.003730705840004,1.9,14.535,-20.90050774483786
132,Angola,3.79500007629395,0.858428180217743,1.10441195964813,0.0498686656355858,0.0,0.097926490008831,0.0697203353047371,1.61448240280151,AGO,60.379,-7.275669039344758,30840.0,37450.0,18490.0,29816769.0,1.4615355028499357,1.28,9.792000000000002,-21.587024683251332
133,Afghanistan,3.79399991035461,0.401477217674255,0.581543326377869,0.180746778845787,0.106179520487785,0.311870932579041,0.0611578300595284,2.15080118179321,AFG,64.13,-7.734078574895888,7380.0,79610.0,9450.0,36296111.0,0.8448892072064307,0.97000003,7.4205002295,-14.00357913087328
134,Botswana,3.76600003242493,1.12209415435791,1.22155499458313,0.341755509376526,0.505196332931519,0.0993484482169151,0.0985831990838051,0.3779137134552,BWA,68.812,-8.491400576877572,7870.0,5280.0,4140.0,2205076.0,4.231099846708429,0.79000002,6.043500153,-34.06205314781824
135,Benin,3.65700006484985,0.431085407733917,0.435299843549728,0.209930211305618,0.425962775945663,0.207948461174965,0.0609290152788162,1.88563096523285,BEN,61.174,-8.215667803287529,7360.0,5420.0,2570.0,11175192.0,0.5465290782732799,1.2,9.18,-13.232804741836238
136,Madagascar,3.64400005340576,0.305808693170547,0.913020372390747,0.375223308801651,0.189196765422821,0.208732530474663,0.0672319754958153,1.58461260795593,MDG,66.311,-8.991771245861067,3500.0,16520.0,8720.0,25570511.0,0.7946171691395036,0.38,2.907,-11.301723356549603
137,Haiti,3.6029999256134,0.368610262870789,0.640449821949005,0.277321130037308,0.0303698573261499,0.489203780889511,0.0998721495270729,1.69716763496399,HTI,63.29,-8.84161347079279,3370.0,4700.0,1590.0,10982367.0,0.36048025003911804,0.33000001,2.5245000765000003,-9.751645889593282
138,South Sudan,3.59100008010864,0.39724862575531,0.601323127746582,0.163486003875732,0.147062435746193,0.285670816898346,0.116793513298035,1.87956738471985,SSD,57.365,-8.082728040456788,1520.0,32780.0,21630.0,10910774.0,4.5100018896520915,1.0,7.65,-42.58424249629529
139,Liberia,3.53299999237061,0.119041793048382,0.872117936611176,0.229918196797371,0.332881182432175,0.26654988527298,0.0389482490718365,1.67328596115112,LBR,63.295,-9.285376548290225,1260.0,6140.0,1360.0,4702224.0,0.7808376442306957,0.57999998,4.436999847,-12.749953056273663
140,Guinea,3.50699996948242,0.244549930095673,0.791244685649872,0.194129139184952,0.348587512969971,0.264815092086792,0.110937617719173,1.55231189727783,GIN,60.706,-9.063405985260022,2970.0,17670.0,6950.0,12067516.0,1.3942296206462332,0.56,4.284000000000001,-15.036285680108486
141,Togo,3.49499988555908,0.305444717407227,0.431882530450821,0.247105568647385,0.38042613863945,0.196896150708199,0.0956650152802467,1.83722925186157,TGO,60.489,-9.103595192241682,2070.0,3410.0,1760.0,7698476.0,0.5352598331995657,1.05,8.0325,-13.403069802417194
142,Rwanda,3.47099995613098,0.368745893239975,0.945707023143768,0.326424807310104,0.581843852996826,0.252756029367447,0.455220013856888,0.540061235427856,RWA,68.341,-10.449339199805268,1050.0,2830.0,2000.0,11980960.0,0.377925422544034,2.4200001,18.513000765,-17.445872836475917
143,Syria,3.46199989318848,0.777153134346008,0.396102607250214,0.50053334236145,0.0815394446253777,0.493663728237152,0.151347130537033,1.06157350540161,SYR,70.967,-10.914725358009315,29100.0,12820.0,3310.0,17095669.0,0.5154920714283553,1.48,11.322000000000001,-16.751126590721157
144,Tanzania,3.34899997711182,0.511135876178741,1.04198980331421,0.364509284496307,0.390017777681351,0.354256361722946,0.0660351067781448,0.621130466461182,TZA,64.479,-10.645483047580697,11360.0,61520.0,29760.0,54660345.0,1.2817170679507526,0.92000002,7.0380001530000005,-19.666207967920805
145,Burundi,2.90499997138977,0.091622568666935,0.629793584346771,0.151610791683197,0.0599007532000542,0.204435184597969,0.0841479450464249,1.68302416801453,BDI,60.898,-12.758131174230579,570.0,2130.0,2300.0,10827010.0,0.4660310769269051,2.24,17.136000000000003,-20.744039708450025
146,Central African Republic,2.69300007820129,0.0,0.0,0.0187726859003305,0.270842045545578,0.280876487493515,0.0565650761127472,2.06600475311279,CAF,52.24,-12.051767591476462,310.0,22810.0,31620.0,4596023.0,14.885296557559188,1.98,15.147000000000002,-237.5193545488255
