,Country,Region,Happiness Score,Economy (GDP per Capita),Family,Health (Life Expectancy),Freedom,Trust (Government Corruption),Generosity,Dystopia Residual,Country Code,2016_lifeexp,NHLY,2016_co2,2016_ch4,2016_n2o,2016_pop,2016_extcostratio,2016_llpp_who,PCEC,ERHNI,Year
0,Denmark,Western Europe,7.526,1.44178,1.16374,0.79504,0.57941,0.44453,0.36171,2.73939,DNK,80.85365854,20.42363415,35380,7170,5080,5728010,2.054712955,0.23,1.7595,16.8083667,2016
1,Switzerland,Western Europe,7.509,1.52733,1.14524,0.86303,0.58557,0.41203,0.28083,2.69463,CHE,83.60243902,20.97585195,39610,4860,2190,8373338,0.655049685,0.44999999,3.442499924,18.72084346,2016
2,Iceland,Western Europe,7.501,1.42666,1.18326,0.86733,0.56624,0.14975,0.47678,2.83137,ISL,82.20487805,20.55944,2070,550,400,335439,2.742364816,0,0,20.55944,2016
3,Norway,Western Europe,7.498,1.57744,1.1269,0.79579,0.59609,0.35776,0.37895,2.66465,NOR,82.40731707,20.5853478,37950,4990,3220,5234519,1.456945328,0.039999999,0.305999992,20.13952255,2016
4,Finland,Western Europe,7.413,1.40598,1.13464,0.81091,0.57104,0.41004,0.25492,2.82596,FIN,81.42926829,19.64888244,45710,4470,4650,5495303,1.923177773,0.01,0.076499998,19.50175934,2016
5,Canada,North America,7.404,1.44015,1.0961,0.8276,0.5737,0.31329,0.44834,2.70485,CAN,81.9,19.68876,550480,90490,40990,36109487,2.805875253,0.1,0.765,17.54226543,2016
6,Netherlands,Western Europe,7.339,1.46468,1.02912,0.81231,0.55211,0.29927,0.47416,2.70749,NLD,81.56097561,19.0771122,158270,18830,8290,17030314,1.22599864,0.50999999,3.901499924,14.2938786,2016
7,New Zealand,Australia and New Zealand,7.334,1.36066,1.17278,0.83096,0.58147,0.41904,0.49401,2.47553,NZL,81.61243902,19.04834327,31180,32810,14970,4714100,7.601430597,0,0,19.04834327,2016
8,Australia,Australia and New Zealand,7.313,1.44443,1.10476,0.8512,0.56837,0.32331,0.47407,2.5465,AUS,82.44878049,19.07040293,383960,118280,57390,24190907,5.708327841,0,0,19.07040293,2016
9,Sweden,Western Europe,7.291,1.45181,1.08764,0.83121,0.58218,0.40867,0.38254,2.54734,SWE,82.30731707,18.85660634,38790,4770,4960,9923085,1.129352762,0.039999999,0.305999992,18.5110244,2016
10,Israel,Middle East and Northern Africa,7.267,1.33766,0.99537,0.84917,0.36432,0.08728,0.32288,3.31029,ISR,82.40731707,18.68173878,65260,11730,2260,8546000,0.791692231,0.55000001,4.207500077,15.35069366,2016
11,Austria,Western Europe,7.119,1.45038,1.08383,0.80565,0.54355,0.21348,0.32865,2.69343,AUT,81.64146341,17.2998261,63390,6800,3700,8736668,1.035309447,0.63999999,4.895999924,12.23095113,2016
12,United States,North America,7.104,1.50796,1.04782,0.779,0.48163,0.14868,0.41077,2.72782,USA,78.53902439,16.52461073,4888640,609200,248510,323071755,1.959745397,0.18000001,1.377000077,13.82604117,2016
13,Costa Rica,Latin America and Caribbean,7.087,1.06879,1.02152,0.76146,0.55225,0.10547,0.22553,3.35168,CRI,79.738,16.6413206,8080,4810,1960,4899336,0.977802965,0.63,4.8195,11.92879921,2016
14,Germany,Western Europe,6.994,1.44787,1.09774,0.81487,0.53466,0.28551,0.30452,2.50931,DEU,80.9902439,16.14945463,747150,55520,35600,82348669,1.051088354,0.55000001,4.207500077,11.72700031,2016
15,Brazil,Latin America and Caribbean,6.952,1.08754,1.03938,0.61415,0.40425,0.14166,0.15776,3.50733,BRA,75.23,14.684896,441910,424800,176350,206163056,2.076051368,0.55000001,4.207500077,5.94990971,2016
16,Belgium,Western Europe,6.929,1.42539,1.05249,0.81959,0.51354,0.26248,0.2424,2.61355,BEL,81.43902439,15.7095878,94320,8450,4490,11331422,0.981386323,0.56,4.284,11.5053288,2016
17,Ireland,Western Europe,6.907,1.48341,1.16157,0.81455,0.54008,0.29754,0.44963,2.15988,IRL,81.65365854,15.57135268,38710,16490,9420,4755335,4.645942778,0.02,0.153,14.86052344,2016
18,Luxembourg,Western Europe,6.871,1.69752,1.03999,0.84542,0.5487,0.35329,0.27571,2.11055,LUX,82.68536585,15.47043195,8860,550,300,582014,1.302492252,0.5,3.825,10.48839909,2016
19,Mexico,Latin America and Caribbean,6.778,1.11508,0.7146,0.71143,0.37709,0.18355,0.11735,3.55906,MEX,74.917,13.3202426,479250,141710,42590,123333379,0.902819688,1.1,8.415,5.723014923,2016
20,Singapore,Southeastern Asia,6.739,1.64555,0.86758,0.94719,0.4877,0.46987,0.32706,1.99375,SGP,82.84634146,14.40697878,46160,3940,8910,5607283,3.44629814,0.81,6.1965,-6.948007647,2016
21,United Kingdom,Western Europe,6.725,1.40283,1.08672,0.80991,0.50036,0.27399,0.50156,2.14999,GBR,81.15609756,13.99942683,378890,52050,28280,65611593,1.043093315,0.36000001,2.754000077,11.12674776,2016
22,Chile,Latin America and Caribbean,6.705,1.2167,0.90587,0.81883,0.37789,0.11451,0.31595,2.95505,CHL,79.779,13.6023195,86160,13000,6300,18209072,0.848764683,1.28,9.792,5.291215728,2016
23,Panama,Latin America and Caribbean,6.701,1.18306,0.98912,0.70835,0.48927,0.08423,0.2418,3.00559,PAN,77.964,13.2616764,10770,5230,1300,4037073,0.866942442,0.34,2.601,11.00675911,2016
24,Argentina,Latin America and Caribbean,6.65,1.15137,1.06612,0.69711,0.42284,0.07296,0.10989,3.12985,ARG,76.221,12.576465,184280,115580,46380,43590368,2.605200524,0.51999998,3.977999847,2.212977714,2016
25,Czech Republic,Central and Eastern Europe,6.596,1.30915,1.00793,0.76376,0.41418,0.03986,0.09929,2.96211,CZE,79.02682927,12.61268195,102860,12440,5600,10566332,1.328534853,1,7.65,2.449390328,2016
26,United Arab Emirates,Middle East and Northern Africa,6.573,1.57352,0.87114,0.72993,0.56215,0.35561,0.26591,2.21507,ARE,77.47,12.186031,199460,50680,6890,9360975,2.42755498,1.34,10.251,-12.6988351,2016
27,Uruguay,Latin America and Caribbean,6.545,1.18157,1.03143,0.72183,0.54388,0.21394,0.18056,2.67139,URY,77.498,11.973441,6530,21690,7990,3424139,5.737115692,0.23,1.7595,1.87898594,2016
28,Malta,Western Europe,6.488,1.30782,1.09879,0.80315,0.54994,0.17554,0.56237,1.99032,MLT,82.45365854,12.26910439,1350,220,50,455356,0.315165166,0.07,0.5355,12.10033344,2016
29,Colombia,Latin America and Caribbean,6.481,1.03032,1.02169,0.59659,0.44735,0.05399,0.15626,3.17471,COL,76.732,11.3640092,83760,71920,19890,48175048,1.076702386,1.04,7.956,2.797765017,2016
30,France,Western Europe,6.478,1.39488,1.00508,0.83795,0.46562,0.17808,0.1216,2.4744,FRA,82.57317073,12.20431463,312710,59940,37550,66724104,1.323553194,0.41999999,3.212999924,7.951738323,2016
31,Thailand,Southeastern Asia,6.474,1.0893,1.04477,0.64915,0.49553,0.02833,0.58696,2.5796,THA,76.403,11.2618022,260720,76800,19120,68971313,0.756002837,1.78,13.617,0.967311564,2016
32,Saudi Arabia,Middle East and Northern Africa,6.379,1.48953,0.84829,0.59267,0.37904,0.30008,0.15457,2.61482,SAU,74.761,10.3095419,556740,42570,5810,32443443,0.669970153,1.87,14.3055,0.725283882,2016
33,Qatar,Middle East and Northern Africa,6.375,1.82427,0.87964,0.71723,0.56679,0.48049,0.32388,1.58224,QAT,79.868,10.98185,85280,7890,920,2654379,1.35019597,2.49,19.0485,-14.73735793,2016
34,Spain,Western Europe,6.361,1.34253,1.12945,0.87896,0.37545,0.06137,0.17665,2.39663,ESP,83.32926829,11.34111341,247030,39260,19850,46484062,1.038939858,0.18000001,1.377000077,9.91049315,2016
35,Algeria,Middle East and Northern Africa,6.355,1.05266,0.83309,0.61804,0.21006,0.16157,0.07044,3.40904,DZA,76.298,10.338379,143350,49400,11890,40551398,0.802197884,0.050000001,0.382500008,10.0315383,2016
36,Guatemala,Latin America and Caribbean,6.324,0.83454,0.87119,0.54039,0.50379,0.08701,0.28808,3.19863,GTM,73.541,9.7368284,17460,11540,4930,15827690,0.755146993,2.1600001,16.52400077,-2.741221083,2016
37,Suriname,Latin America and Caribbean,6.269,1.09686,0.77866,0.50933,0.52234,0.12692,0.16665,3.06852,SUR,71.358,9.0553302,2310,1400,270,564883,1.365658668,0.039999999,0.305999992,8.637438658,2016
38,Kuwait,Middle East and Northern Africa,6.239,1.61714,0.87758,0.63569,0.43166,0.23669,0.15965,2.28085,KWT,75.224,9.3202536,89880,5870,710,3956862,0.731888456,0.80000001,6.120000076,4.841096195,2016
39,Bahrain,Middle East and Northern Africa,6.218,1.44024,0.94397,0.65696,0.47375,0.25772,0.17147,2.27405,BHR,76.899,9.3662982,30200,14240,70,1425793,1.64525653,1.3200001,10.09800076,-7.247503496,2016
40,Trinidad and Tobago,Latin America and Caribbean,6.168,1.32572,0.98569,0.52608,0.48453,0.01241,0.31935,2.51394,TTO,73.1,8.53808,18230,1260,390,1377563,0.803488872,0,0,8.53808,2016
41,Venezuela,Latin America and Caribbean,6.084,1.13367,1.03302,0.61904,0.19847,0.08304,0.0425,2.97468,VEN,72.405,7.848702,162060,73640,13190,29851249,1.298159299,0.88,6.732,-0.890506401,2016
42,Slovakia,Central and Eastern Europe,6.078,1.27973,1.08268,0.70367,0.23391,0.02947,0.13837,2.61065,SVK,77.16585366,8.318479024,31500,4380,2010,5430798,0.918903555,1.08,8.262,0.726497853,2016
43,El Salvador,Latin America and Caribbean,6.068,0.8737,0.80975,0.596,0.37269,0.10613,0.08877,3.22134,SLV,72.644,7.7583792,7170,4030,1220,6356137,0.494267253,1.89,14.4585,0.612016118,2016
44,Malaysia,Southeastern Asia,6.005,1.25142,0.88025,0.62366,0.39031,0.09081,0.41474,2.35384,MYS,75.649,7.6027245,228640,46250,11790,30684652,1.057563555,0.91000003,6.961500229,0.24049557,2016
45,Nicaragua,Latin America and Caribbean,5.992,0.69384,0.89521,0.65213,0.46582,0.16292,0.29773,2.82428,NIC,73.86,7.326912,5380,9680,3460,6303970,1.358564806,0.70999998,5.431499847,-0.052132535,2016
46,Italy,Western Europe,5.977,1.35495,1.04167,0.85102,0.18827,0.02556,0.16684,2.34918,ITA,83.24390244,8.132929268,333340,44680,18060,60627498,0.757457426,0.76999998,5.890499847,3.671126414,2016
47,Ecuador,Latin America and Caribbean,5.976,0.97306,0.85974,0.68613,0.4027,0.18037,0.10074,2.77366,ECU,76.365,7.453224,39010,20510,4770,16491116,0.789750231,1.13,8.6445,0.626228125,2016
48,Belize,Latin America and Caribbean,5.956,0.87616,0.68655,0.45569,0.51231,0.10771,0.23684,3.08039,BLZ,74.219,7.0953364,650,500,240,368399,1.55223975,0.31,2.3715,3.414199832,2016
49,Japan,Eastern Asia,5.921,1.38007,1.06054,0.91491,0.46761,0.18985,0.10224,1.80584,JPN,83.98487805,7.735007268,1171390,21440,18110,127076000,0.380606365,0.60000002,4.590000153,5.988023996,2016
50,Kazakhstan,Central and Eastern Europe,5.919,1.22943,0.95544,0.57386,0.4052,0.11132,0.15011,2.49325,KAZ,72.41,6.654479,223020,40060,10150,17794055,1.581775529,0.88,6.732,-3.994033861,2016
51,Moldova,Central and Eastern Europe,5.897,0.69177,0.83132,0.52309,0.25202,0.01903,0.19997,3.38007,MDA,71.617,6.4240449,8140,3370,1030,2802170,0.949893492,0.94999999,7.267499923,-0.479305983,2016
52,Russia,Central and Eastern Europe,5.856,1.23228,1.05261,0.58991,0.32682,0.03586,0.02736,2.59115,RUS,71.65121951,6.13334439,1530900,852550,58060,144342397,1.733478785,0.68000001,5.202000076,-2.88421238,2016
53,Poland,Central and Eastern Europe,5.835,1.24585,1.04685,0.69058,0.4519,0.055,0.14443,2.20035,POL,77.85121951,6.500576829,299740,46800,21620,37970087,1.405647474,1.38,10.557,-8.338843554,2016
54,South Korea,Eastern Asia,5.835,1.35948,0.72194,0.88645,0.25168,0.07716,0.18824,2.35015,KOR,82.27560976,6.870013415,614780,25770,10510,51217803,0.57606771,1.71,13.0815,-0.665816331,2016
55,Bolivia,Latin America and Caribbean,5.822,0.79422,0.83779,0.4697,0.50961,0.07746,0.21698,2.91635,BOL,70.626,5.8054572,21610,24830,9050,11031822,2.028922577,2.0599999,15.75899924,-26.16833215,2016
56,Lithuania,Central and Eastern Europe,5.813,1.2692,1.06411,0.64674,0.18929,0.0182,0.02025,2.60525,LTU,74.67073171,6.070730488,11200,3320,3640,2868231,2.818281304,0.57999998,4.436999847,-6.433983226,2016
57,Belarus,Central and Eastern Europe,5.802,1.13062,1.04993,0.63104,0.29091,0.17457,0.13942,2.38582,BLR,73.82682927,5.920911707,55210,16550,11750,9469379,2.855500041,0.75,5.7375,-10.46251978,2016
58,North Cyprus,Western Europe,5.771,1.31141,0.81826,0.84142,0.43596,0.16578,0.26322,1.93447,CYP,80.513,6.2075523,7150,720,370,1170189,0.782396095,0.61000001,4.666500077,2.556500865,2016
59,Slovenia,Central and Eastern Europe,5.768,1.29947,1.05613,0.79151,0.53164,0.03635,0.25738,1.79522,SVN,81.17560976,6.234286829,13930,2010,800,2065042,0.98446863,0.97000003,7.42050023,-1.070962869,2016
60,Peru,Latin America and Caribbean,5.743,0.99602,0.81255,0.62994,0.37502,0.05292,0.14527,2.73117,PER,76.044,5.6500692,56530,30920,9540,30926036,0.79177089,1.914920098,14.64913875,-5.94869243,2016
61,Turkmenistan,Central and Eastern Europe,5.658,1.08017,1.03817,0.44006,0.37408,0.28467,0.22567,2.21489,TKM,67.835,4.463543,72020,50030,3500,5662371,2.606088322,0.34999999,2.677499924,-2.514258283,2016
62,Mauritius,Sub-Saharan Africa,5.648,1.14372,0.75695,0.66189,0.46145,0.05203,0.36951,2.20223,MUS,74.39487805,4.820788098,4040,1880,240,1263473,0.623847924,0,0,4.820788098,2016
63,Libya,Middle East and Northern Africa,5.615,1.06688,0.95076,0.52304,0.40672,0.10339,0.17087,2.39374,LBY,72.311,4.4471265,51180,29890,1940,6492160,1.318164417,0.12,0.918,3.237051565,2016
64,Latvia,Central and Eastern Europe,5.56,1.21788,0.95025,0.63952,0.27996,0.0889,0.17445,2.20859,LVA,74.5804878,4.176507317,7150,1990,1940,1959537,2.21842233,0.68000001,5.202000076,-7.363725811,2016
65,Cyprus,Western Europe,5.546,1.31857,0.70697,0.8488,0.29507,0.05228,0.27906,2.04497,CYP,80.513,4.3960098,7150,720,370,1170189,0.782396095,0.61000001,4.666500077,0.744958365,2016
66,Paraguay,Latin America and Caribbean,5.538,0.89373,1.11111,0.58295,0.46235,0.07396,0.25296,2.16091,PRY,73.836,3.9723768,7150,29400,10120,6777878,3.7098249,0.70999998,5.431499847,-16.17753658,2016
67,Romania,Central and Eastern Europe,5.528,1.1697,0.72803,0.67602,0.36712,0.00679,0.12889,2.45184,ROU,75.2097561,3.971075122,71140,24470,8280,19702267,1.069303673,1.09,8.3385,-4.945313552,2016
68,Estonia,Central and Eastern Europe,5.517,1.27964,1.05163,0.68098,0.41511,0.18519,0.08423,1.81985,EST,77.64146341,4.014063659,15650,1070,1330,1315790,2.288170143,0.090000004,0.688500031,2.438658445,2016
69,Jamaica,Latin America and Caribbean,5.51,0.89333,0.96372,0.59469,0.43597,0.04294,0.22245,2.35682,JAM,74.175,3.782925,7750,800,410,2906242,0.348793088,0.57999998,4.436999847,2.235330124,2016
70,Croatia,Central and Eastern Europe,5.488,1.18649,0.60809,0.70524,0.23907,0.04002,0.18434,2.52462,HRV,78.02195122,3.80747122,16940,3740,1630,4174349,0.962019644,1.1900001,9.103500765,-4.950275347,2016
71,Somalia,Sub-Saharan Africa,5.44,0,0.33613,0.11466,0.56778,0.3118,0.27225,3.83772,SOM,56.324,2.478256,660,19490,6680,14185635,1.168937923,0.28999999,2.218499924,-0.115032693,2016
72,Turkey,Middle East and Northern Africa,5.389,1.16492,0.87717,0.64718,0.23889,0.12348,0.04707,2.29074,TUR,76.86,2.989854,374590,44510,35140,79827868,1.021782907,1.54,11.781,-9.047770432,2016
73,Indonesia,Southeastern Asia,5.314,0.95104,0.87625,0.49374,0.39237,0.00322,0.56521,2.03171,IDN,71.035,2.230499,494980,277450,91090,261556386,0.883196249,1.36,10.404,-6.958274773,2016
74,Jordan,Middle East and Northern Africa,5.303,0.99673,0.86216,0.60712,0.36023,0.13297,0.14262,2.20142,JOR,74.184,2.2477752,24860,6050,1300,9554286,0.388223252,1.09,8.3385,-0.989424389,2016
75,Azerbaijan,Central and Eastern Europe,5.291,1.12373,0.76042,0.54504,0.35327,0.17914,0.0564,2.2735,AZE,72.493,2.1095463,32660,44820,3970,9757812,1.510186718,0.67000002,5.125500153,-5.630915952,2016
76,Philippines,Southeastern Asia,5.279,0.81217,0.87877,0.47036,0.54854,0.11757,0.21674,2.23484,PHL,70.802,1.9753758,124920,64990,13300,103663812,0.361911729,1.09,8.3385,-1.042425152,2016
77,China,Eastern Asia,5.245,1.0278,0.79381,0.73561,0.44012,0.02745,0.04959,2.17087,CHN,76.21,1.867145,9814310,1242150,546990,1387790000,0.989633078,3.73,28.5345,-26.37154006,2016
78,Bhutan,Southern Asia,5.196,0.8527,0.90836,0.49759,0.46074,0.1616,0.48546,1.82916,BTN,70.781,1.3873076,1230,870,180,736706,0.683215954,2.0799999,15.91199923,-9.48402413,2016
79,Kyrgyzstan,Central and Eastern Europe,5.185,0.56044,0.95434,0.55449,0.40212,0.04762,0.38432,2.28136,KGZ,70.95121951,1.312597561,9700,4800,1850,6079500,0.75204784,1.04,7.956,-4.670695057,2016
80,Serbia,Central and Eastern Europe,5.177,1.03437,0.81329,0.6458,0.15718,0.04339,0.20737,2.27539,SRB,75.68780488,1.339674146,46240,12400,4910,7058322,1.731839843,1.59,12.1635,-19.72555979,2016
81,Bosnia and Herzegovina,Central and Eastern Europe,5.163,0.93383,0.64367,0.70766,0.09511,0,0.29889,2.48406,BIH,76.998,1.2550674,22340,3460,1210,3386263,0.927954742,2.24,17.136,-14.64636506,2016
82,Montenegro,Central and Eastern Europe,5.161,1.07838,0.74173,0.63533,0.15111,0.12721,0.17191,2.25531,MNE,76.44146341,1.230707561,2110,830,180,622303,0.809246726,1.08,8.262,-5.455288885,2016
83,Dominican Republic,Latin America and Caribbean,5.155,1.02787,0.99496,0.57669,0.52259,0.12372,0.21286,1.69626,DOM,73.471,1.1388005,24460,8980,3210,10397738,0.776668378,0.23,1.7595,-0.227747511,2016
84,Morocco,Middle East and Northern Africa,5.151,0.84058,0.38595,0.59471,0.25646,0.08404,0.04053,2.94891,MAR,75.974,1.1472074,63080,17200,7940,35126274,0.549127653,0.23999999,1.835999924,0.139009071,2016
85,Hungary,Central and Eastern Europe,5.145,1.24142,0.93164,0.67608,0.1977,0.04472,0.099,1.95473,HUN,76.06341463,1.102919512,44480,7200,5420,9814023,1.277659743,1.01,7.7265,-8.768918495,2016
86,Pakistan,Southern Asia,5.132,0.68816,0.26135,0.40306,0.14622,0.1388,0.31185,3.18286,PAK,66.77,0.881364,180570,143280,57870,203631356,0.693576872,3.76,28.764,-19.06868114,2016
87,Lebanon,Middle East and Northern Africa,5.129,1.12268,0.64184,0.76171,0.26228,0.03061,0.23693,2.07339,LBN,78.8,1.01652,27810,3100,740,6714281,0.32087176,0.99000001,7.573500077,-1.413602301,2016
88,Portugal,Western Europe,5.123,1.27607,0.94367,0.79363,0.44727,0.01521,0.11691,1.53015,PRT,81.12439024,0.99783,48760,11380,3160,10325452,0.82042956,0.11,0.8415,0.307438525,2016
89,Macedonia,Central and Eastern Europe,5.121,1.0193,0.78236,0.64738,0.27668,0.07047,0.23507,2.08947,MKD,75.4,0.91234,7390,2490,580,2072490,0.772385363,1.9400001,14.84100077,-10.55063177,2016
90,Vietnam,Southeastern Asia,5.061,0.74037,0.79117,0.66157,0.55954,0.11556,0.25075,1.9418,VNM,75.172,0.4585492,223870,89260,23590,93640435,0.671800301,2.0799999,15.91199923,-10.23113668,2016
91,Tunisia,Middle East and Northern Africa,5.045,0.97724,0.43165,0.59577,0.23553,0.0817,0.03936,2.68413,TUN,76.115,0.3425175,28990,6290,3340,11303942,0.707510277,0.27000001,2.065500077,-1.118845031,2016
92,Greece,Western Europe,5.033,1.24886,0.75473,0.80029,0.05822,0.04127,0,2.12944,GRC,81.38780488,0.268579756,66850,9400,4400,10775971,1.010001229,0.62,4.743,-4.521856075,2016
93,Tajikistan,Central and Eastern Europe,4.996,0.48835,0.75602,0.53119,0.43408,0.13509,0.25998,2.39106,TJK,70.397,-0.0281588,5960,5400,1940,8663575,0.556097275,1.0700001,8.185500765,-4.580093468,2016
94,Mongolia,Eastern Asia,4.907,0.98853,1.08983,0.55469,0.35972,0.03285,0.34539,1.53586,MNG,69.321,-0.6446853,18170,17010,12730,3056358,9.451606076,3.1800001,24.32700076,-230.5739135,2016
95,Laos,Southeastern Asia,4.876,0.68042,0.5497,0.38291,0.52168,0.22423,0.43079,2.08637,LAO,66.924,-0.8298576,15360,7850,2850,6845848,1.038611721,2.29,17.5185,-19.02477704,2016
96,Nigeria,Sub-Saharan Africa,4.875,0.75216,0.64498,0.05108,0.27854,0.0305,0.23219,2.88586,NGA,53.541,-0.6692625,108420,126910,36210,185960244,0.503179173,1.77,13.5405,-7.482560092,2016
97,Honduras,Latin America and Caribbean,4.871,0.69429,0.75596,0.58383,0.26755,0.06906,0.2044,2.29551,HND,74.701,-0.9636429,9400,7970,3050,9270794,0.809166049,1.5599999,11.93399923,-10.62022991,2016
98,Iran,Middle East and Northern Africa,4.813,1.11758,0.38857,0.64232,0.22544,0.0557,0.38538,1.99817,IRN,76.047,-1.4220789,605760,143250,37260,79563991,1.274007298,1.02,7.803,-11.36315784,2016
99,Zambia,Sub-Saharan Africa,4.795,0.61202,0.6376,0.23573,0.42662,0.11479,0.17866,2.58991,ZMB,62.464,-1.280512,5590,17850,15170,16363449,2.076416415,1.49,11.3985,-24.94854451,2016
100,Nepal,Southern Asia,4.793,0.44626,0.69699,0.50073,0.37012,0.07008,0.3816,2.32694,NPL,69.848,-1.4458536,9340,29720,7940,27263430,0.758783265,4.25,32.5125,-26.11579452,2016
101,Albania,Central and Eastern Europe,4.655,0.9553,0.50163,0.73007,0.31866,0.05301,0.1684,1.92816,ALB,78.194,-2.697693,4930,3250,1250,2876101,1.070662162,0.79000002,6.043500153,-9.16823994,2016
102,Bangladesh,Southern Asia,4.643,0.54177,0.24749,0.52989,0.39778,0.12583,0.19132,2.60904,BGD,71.785,-2.5627245,73740,80240,27270,157977151,0.432109855,6.2399998,47.73599847,-23.18991987,2016
103,Sierra Leone,Sub-Saharan Africa,4.635,0.36485,0.628,0,0.30685,0.08196,0.23897,3.01402,SLE,53.444,-1.950706,960,4800,1750,7328846,0.587601373,0.70999998,5.431499847,-5.142262767,2016
104,Iraq,Middle East and Northern Africa,4.575,1.07474,0.59205,0.51076,0.24856,0.13636,0.19589,1.81657,IRQ,70.122,-2.980185,172350,15840,4770,36610632,0.362179452,1.74,13.311,-7.801155688,2016
105,Namibia,Sub-Saharan Africa,4.574,0.93287,0.70362,0.34745,0.48614,0.10398,0.07795,1.92198,NAM,62.625,-2.667825,4360,4970,3260,2358044,3.172951756,0.87,6.6555,-23.78540541,2016
106,Cameroon,Sub-Saharan Africa,4.513,0.52497,0.62542,0.12698,0.42736,0.06126,0.2268,2.5198,CMR,58.063,-2.8276681,8550,14760,62700,23926549,5.519063765,2.5,19.125,-108.3797626,2016
107,Ethiopia,Sub-Saharan Africa,4.508,0.29283,0.37932,0.34578,0.36703,0.1717,0.29522,2.65614,ETH,65.482,-3.2217144,14950,100810,50870,103603461,1.154984804,1.11,8.4915,-13.02926786,2016
108,South Africa,Sub-Saharan Africa,4.459,1.02416,0.96053,0.18611,0.42483,0.08415,0.13656,1.64227,ZAF,63.153,-3.4165773,425180,44460,17510,56207649,0.807115744,1.51,11.5515,-12.73997482,2016
109,Sri Lanka,Southern Asia,4.415,0.97318,0.84783,0.62007,0.50817,0.07964,0.46978,0.91681,LKA,76.482,-4.474197,21930,9900,2520,21203000,0.318730746,1.41,10.7865,-7.912186188,2016
110,India,Southern Asia,4.404,0.74036,0.29247,0.45091,0.40285,0.08722,0.25028,2.18032,IND,68.897,-4.1062612,2183280,657690,245150,1324517250,0.464243921,4.9099998,37.56149847,-21.54395852,2016
111,Myanmar,Southeastern Asia,4.395,0.34112,0.69981,0.3988,0.42692,0.20243,0.81971,1.50655,MMR,66.205,-4.0054025,21890,67010,20530,53045199,0.982060207,2.5699999,19.66049924,-23.31319644,2016
112,Egypt,Middle East and Northern Africa,4.362,0.95395,0.49813,0.52116,0.18847,0.10393,0.12706,1.96895,EGY,71.482,-4.5605516,233960,56310,22130,94447071,0.585773368,1.1900001,9.103500765,-9.893139899,2016
113,Armenia,Central and Eastern Europe,4.36,0.86086,0.62477,0.64083,0.14037,0.03616,0.07793,1.97864,ARM,74.64,-4.77696,5070,2570,1620,2936147,1.277697516,1.15,8.7975,-16.0175039,2016
114,Kenya,Sub-Saharan Africa,4.356,0.52267,0.7624,0.30147,0.40576,0.06686,0.41328,1.88326,KEN,65.393,-4.2113092,18770,40480,18760,49051531,0.910899244,1.08,8.262,-11.73715875,2016
115,Ukraine,Central and Eastern Europe,4.324,0.87287,1.01413,0.58628,0.12859,0.01829,0.20363,1.50066,UKR,71.47634146,-4.831800683,201250,64130,23920,45004673,1.331256487,1.03,7.8795,-15.32143617,2016
116,Ghana,Sub-Saharan Africa,4.276,0.63107,0.49353,0.29681,0.40973,0.0326,0.21203,2.2002,GHA,63.124,-4.5701776,14110,20230,5900,28481947,0.532254224,0.82999998,6.349499847,-7.949725711,2016
117,Congo (Kinshasa),Sub-Saharan Africa,4.272,0.05661,0.80676,0.188,0.15602,0.06075,0.25458,2.74924,COD,59.655,-4.342884,2060,37790,16060,78789130,0.489876389,2.95,22.5675,-15.3981694,2016
118,Georgia,Central and Eastern Europe,4.252,0.83792,0.19249,0.64035,0.32461,0.3188,0.06786,1.87031,GEO,73.207,-5.4758836,9650,5380,2210,3727505,1.44845567,0.81,6.1965,-14.45123916,2016
119,Senegal,Sub-Saharan Africa,4.219,0.44314,0.77416,0.40457,0.31056,0.11681,0.19103,1.97861,SEN,67.078,-5.2387918,9920,10640,7920,14993514,1.198597957,0.039999999,0.305999992,-5.605562766,2016
120,Bulgaria,Central and Eastern Europe,4.217,1.11306,0.92542,0.67806,0.21219,0.00615,0.12793,1.15377,BGR,74.81219512,-5.857794878,41740,7090,4010,7127822,1.344521516,1.25,9.5625,-18.71478188,2016
121,Mauritania,Sub-Saharan Africa,4.201,0.61391,0.84142,0.28639,0.1268,0.17955,0.22686,1.9263,MRT,64.208,-5.1302192,2810,7040,3370,4163532,1.919068198,0,0,-5.1302192,2016
122,Zimbabwe,Sub-Saharan Africa,4.193,0.35041,0.71478,0.1595,0.25429,0.08582,0.18503,2.4427,ZWE,60.294,-4.8657258,10990,11380,6090,14030338,1.018521941,0.97000003,7.42050023,-12.4236681,2016
123,Malawi,Sub-Saharan Africa,4.156,0.08709,0.147,0.29364,0.4143,0.07564,0.30968,2.82859,MWI,62.681,-5.2902764,1360,10330,3870,17205253,0.550895639,1.14,8.721,-10.09463727,2016
124,Sudan,Sub-Saharan Africa,4.139,0.63069,0.81928,0.29759,0,0.10039,0.18077,2.10995,SDN,64.663,-5.5674843,20480,58050,29670,39847433,1.750822561,0.44,3.366,-11.46075304,2016
125,Gabon,Sub-Saharan Africa,4.121,1.15851,0.72368,0.3494,0.28098,0.09314,0.06244,1.45332,GAB,65.418,-5.7502422,5710,1130,440,2007882,0.552088031,1.84,14.076,-13.52143333,2016
126,Mali,Sub-Saharan Africa,4.073,0.31292,0.86333,0.16347,0.27544,0.13647,0.21064,2.11087,MLI,57.987,-5.3753949,4420,22060,13730,17965448,1.757629075,0.07,0.5355,-6.31660527,2016
127,Haiti,Latin America and Caribbean,4.028,0.34097,0.29561,0.27494,0.12072,0.14476,0.47958,2.37116,HTI,62.896,-6.1134912,3400,4670,1600,10839976,0.368421539,0.28999999,2.218499924,-6.930834356,2016
128,Botswana,Sub-Saharan Africa,3.974,1.09426,0.89186,0.34752,0.44089,0.10769,0.12425,0.96741,BWA,68.178,-6.9950628,7120,3870,2430,2159925,2.604778064,0.87,6.6555,-24.3311632,2016
129,Comoros,Sub-Saharan Africa,3.956,0.27509,0.60323,0.29981,0.15412,0.18437,0.1827,2.25632,COM,63.7,-6.65028,200,280,50,795597,0.181307401,0.050000001,0.382500008,-6.719630082,2016
130,Cambodia,Southeastern Asia,3.907,0.55604,0.5375,0.42494,0.58852,0.08092,0.40339,1.31573,KHM,68.977,-7.5391861,9900,20160,4750,15766290,0.807971285,1.0599999,8.108999235,-14.09102463,2016
131,Angola,Sub-Saharan Africa,3.866,0.84731,0.66366,0.04991,0.00589,0.08434,0.12071,2.09459,AGO,59.925,-6.795495,35410,37400,18070,28842482,1.488433337,1.48,11.322,-23.64753724,2016
132,Niger,Sub-Saharan Africa,3.856,0.1327,0.6053,0.26162,0.38041,0.17176,0.2097,2.09469,NER,61.137,-6.9940728,1970,27620,11190,20788789,1.302502269,0.49000001,3.748500077,-11.87650266,2016
133,South Sudan,Sub-Saharan Africa,3.832,0.39394,0.18519,0.15781,0.19662,0.13015,0.25899,2.50929,SSD,57.12,-6.671616,1730,33820,22800,10832520,4.800699652,1.02,7.803,-44.13147539,2016
134,Chad,Sub-Saharan Africa,3.763,0.42214,0.63178,0.03824,0.12807,0.04952,0.18667,2.30637,TCD,53.438,-6.6102806,1020,50260,23360,14561658,3.809114435,0.56,4.284,-22.92852684,2016
135,Burkina Faso,Sub-Saharan Africa,3.739,0.31995,0.63054,0.21297,0.3337,0.12533,0.24353,1.87319,BFA,60.354,-7.6106394,3500,15380,9830,18646350,1.209428385,0.30000001,2.295000077,-10.38627764,2016
136,Uganda,Sub-Saharan Africa,3.739,0.34719,0.90981,0.19625,0.43653,0.06442,0.27102,1.51416,UGA,61.986,-7.8164346,5670,32090,15070,39649173,0.902150821,2.1099999,16.14149924,-22.37850139,2016
137,Madagascar,Sub-Saharan Africa,3.695,0.27954,0.46115,0.37109,0.13684,0.07506,0.2204,2.15075,MDG,65.931,-8.6039955,3220,17810,9170,24894370,0.864574694,0.43000001,3.289500077,-11.44801402,2016
138,Tanzania,Sub-Saharan Africa,3.666,0.47155,0.77623,0.357,0.3176,0.05099,0.31472,1.37769,TZA,63.844,-8.5167896,10920,62490,30680,53049231,1.365109123,1.14,8.721,-20.42190626,2016
139,Liberia,Sub-Saharan Africa,3.622,0.10706,0.50353,0.23165,0.25748,0.04852,0.24063,2.23284,LBR,62.802,-8.6541156,1410,6070,1360,4586788,0.80221376,0.63999999,4.895999924,-12.58175411,2016
140,Guinea,Sub-Saharan Africa,3.607,0.22415,0.3109,0.18829,0.30953,0.1192,0.29914,2.15604,GIN,60.17,-8.381681,2830,17460,7210,11738434,1.483154644,0.56999999,4.360499924,-14.84897671,2016
141,Rwanda,Sub-Saharan Africa,3.515,0.32846,0.61586,0.31865,0.5432,0.50521,0.23552,0.96819,RWA,67.93,-10.087605,1050,2820,1980,11668829,0.386131252,2.9000001,22.18500077,-18.65392712,2016
142,Benin,Sub-Saharan Africa,3.484,0.39499,0.10419,0.21028,0.39747,0.06681,0.2018,2.10812,BEN,60.885,-9.230166,7230,5380,2670,10872072,0.582789897,1.1799999,9.026999235,-14.49100996,2016
143,Afghanistan,Southern Asia,3.36,0.38227,0.11037,0.17344,0.1643,0.07112,0.31268,2.14558,AFG,63.763,-10.457132,7390,78150,9120,35383028,0.845526227,1.0599999,8.108999235,-17.31350353,2016
144,Togo,Sub-Saharan Africa,3.303,0.28123,0,0.24811,0.34678,0.11587,0.17517,2.1354,TGO,60.22,-10.219334,2300,3370,1860,7509952,0.578246325,1.02,7.803,-14.73139007,2016
145,Syria,Middle East and Northern Africa,3.069,0.74719,0.14866,0.62994,0.06912,0.17233,0.48397,0.81789,SYR,70.315,-13.5778265,26460,12900,3370,17465567,0.513625377,1.33,10.1745,-18.8037079,2016
146,Burundi,Sub-Saharan Africa,2.905,0.06831,0.23442,0.15747,0.0432,0.09419,0.2029,2.10404,BDI,60.528,-12.680616,460,1860,2090,10488002,0.438113496,2.78,21.267,-21.99797572,2016
,Norway,,7.537000179,1.616463184,1.53352356,0.796666503,0.635422587,0.315963835,0.362012237,2.277026653,NOR,82.6097561,20.9580966,36900,4930,3210,5276968,1.431846664,0.02,0.153,20.73902406,2017
,Denmark,,7.521999836,1.482383013,1.551121593,0.792565525,0.626006722,0.400770068,0.355280489,2.313707352,DNK,81.10243902,20.45403379,33330,7090,5080,5764980,2.027968758,0.20999999,1.606499924,17.19610214,2017
,Iceland,,7.504000187,1.48063302,1.610574007,0.833552122,0.627162635,0.153526559,0.475540221,2.322715282,ISL,82.66097561,20.69830984,2170,540,410,343400,2.724571928,0,0,20.69830984,2017
,Switzerland,,7.493999958,1.564979553,1.516911745,0.858131289,0.620070577,0.367007285,0.290549278,2.276716232,CHE,83.55121951,20.8376738,38620,4830,2180,8451840,0.64230516,0.44,3.366,18.67567463,2017
,Finland,,7.468999863,1.443571925,1.540246725,0.80915767,0.617950857,0.382611543,0.245482773,2.430181503,FIN,81.63170732,20.15486742,43010,4340,4650,5508214,1.903405453,0,0,20.15486742,2017
,Netherlands,,7.376999855,1.503944635,1.428939223,0.810696125,0.585384488,0.282661825,0.47048983,2.294804096,NLD,81.76097561,19.43458272,155910,17960,8080,17131296,1.17994381,0.49000001,3.748500077,15.01156326,2017
,Canada,,7.315999985,1.479204416,1.481348991,0.834557652,0.611100912,0.287371516,0.435539722,2.187264442,CAN,81.9,18.96803988,562260,92380,41400,36545236,2.792354068,0.15000001,1.147500076,15.76381337,2017
,New Zealand,,7.31400013,1.405706048,1.548195124,0.816759706,0.61406213,0.382816702,0.500005126,2.046456337,NZL,81.65853659,18.89578642,32920,32630,15010,4813600,7.424850754,0,0,18.89578642,2017
,Sweden,,7.28399992,1.494387269,1.478162169,0.830875158,0.612924099,0.384398729,0.385399252,2.097537994,SWE,82.4097561,18.82238763,38330,4720,5100,10057698,1.13689582,0.039999999,0.305999992,18.47449752,2017
,Australia,,7.28399992,1.484414935,1.510041952,0.843886793,0.601607382,0.30118373,0.47769925,2.065210819,AUS,82.5,18.84299934,387200,139810,79440,24601860,7.559449492,0,0,18.84299934,2017
,Israel,,7.212999821,1.375382423,1.376289964,0.838404,0.405988604,0.0852421,0.330082655,2.801757336,ISR,82.55121951,18.2685834,66040,11890,2320,8713300,0.790334007,0.69999999,5.354999924,14.03634485,2017
,Costa Rica,,7.078999996,1.109706283,1.416403651,0.759509265,0.58013165,0.100106589,0.214613229,2.898639202,CRI,79.914,16.61412057,8180,4870,1920,4949955,0.948572337,0.67000002,5.125500153,11.75221291,2017
,Austria,,7.006000042,1.487097263,1.459944963,0.815328419,0.56776619,0.221060365,0.316472322,2.138506413,AUT,81.64390244,16.37776717,65830,6740,3630,8797566,1.007958027,0.68000001,5.202000076,11.13436944,2017
,United States,,6.993000031,1.546259284,1.419920564,0.774286628,0.505740523,0.135638788,0.392578781,2.218113422,USA,78.53902439,15.6528278,4813720,614500,249290,325122128,1.944244334,0.2,1.53,12.67813397,2017
,Ireland,,6.977000237,1.535706639,1.558231115,0.809782624,0.573110342,0.298388153,0.427858323,1.773869038,IRL,82.15609756,16.24226243,37530,16770,9760,4807388,4.727178952,0,0,16.24226243,2017
,Germany,,6.951000214,1.487923384,1.472520351,0.798950732,0.562511384,0.276731938,0.33626917,2.015769958,DEU,80.99268293,15.80167417,732200,54780,34580,82657002,1.014507546,0.55000001,4.207500077,11.53313359,2017
,Belgium,,6.890999794,1.463780761,1.462312698,0.818091869,0.539770722,0.251343131,0.231503338,2.124210358,BEL,81.49268293,15.41026466,92770,8180,4440,11375158,0.959887355,0.50999999,3.901499924,11.66526422,2017
,Luxembourg,,6.862999916,1.741943598,1.457583666,0.845089495,0.596627891,0.318834424,0.283180982,1.619512081,LUX,82.09512195,15.29432053,9000,550,310,596336,1.301595611,0.44999999,3.442499924,10.81357774,2017
,United Kingdom,,6.714000225,1.44163394,1.49646008,0.805335939,0.508190036,0.265428066,0.492774159,1.704143524,GBR,81.25609756,13.92729695,366380,51630,28280,66058859,1.029181837,0.31999999,2.447999924,11.40785989,2017
,Chile,,6.65199995,1.25278461,1.284024954,0.819479704,0.376895279,0.082287982,0.326662421,2.509585857,CHL,79.909,13.2009664,87040,13110,6320,18470435,0.836340789,1.17,8.9505,5.715298173,2017
,United Arab Emirates,,6.647999763,1.626343369,1.266410232,0.726798236,0.60834527,0.324489564,0.360941947,1.734703541,ARE,77.647,12.79622376,208250,51830,7020,9487206,2.435756144,1.28,9.792,-11.0547004,2017
,Brazil,,6.635000229,1.10735321,1.431306005,0.616552353,0.437453747,0.111092761,0.162349895,2.769267082,BRA,75.456,12.33705773,449840,421660,184380,207833825,2.127858786,0.52999997,4.054499771,3.709654766,2017
,Czech Republic,,6.609000206,1.352682352,1.433885217,0.754444003,0.490946174,0.036872927,0.088106759,2.451861858,CZE,78.97804878,12.70756968,103420,12430,5280,10594438,1.25691463,1,7.65,3.092172755,2017
,Argentina,,6.598999977,1.185295463,1.440451145,0.695137084,0.494519204,0.059739888,0.109457061,2.614005327,ARG,76.372,12.21188263,180120,117570,48340,44044811,2.664099945,0.49000001,3.748500077,2.225503778,2017
,Mexico,,6.578000069,1.153183818,1.21086216,0.709978998,0.412730008,0.132774115,0.120990433,2.837154865,MEX,74.947,11.82663711,471810,143310,42880,124777326,0.894512536,1.14,8.721,4.025593287,2017
,Singapore,,6.572000027,1.69227767,1.353814363,0.949492395,0.549840569,0.464307785,0.345965981,1.216362,SGP,83.09512195,13.06255339,47430,4050,9310,5612253,3.578885545,0.73000002,5.584500153,-6.923733483,2017
,Malta,,6.52699995,1.343279839,1.488411665,0.821944237,0.588767052,0.153066069,0.574730575,1.556862831,MLT,82.34634146,12.57428593,1520,220,40,467999,0.263601068,0.19,1.4535,12.19114178,2017
,Uruguay,,6.453999996,1.217559695,1.412227869,0.719216824,0.579392254,0.178061873,0.175096929,2.172409534,URY,77.632,11.28769277,6080,21370,7760,3436645,5.53837105,0.25999999,1.988999924,0.271873176,2017
,Guatemala,,6.453999996,0.872001946,1.255585194,0.54023999,0.531310618,0.077223279,0.283488393,2.893891096,GTM,73.81,10.73197397,16510,11660,4990,16087418,0.747927137,2.1500001,16.44750077,-1.56955819,2017
,Panama,,6.452000141,1.233748436,1.373192549,0.706156135,0.550026834,0.070983924,0.210556939,2.307199955,PAN,78.149,11.3472359,10250,5260,1300,4106764,0.848542268,0.34,2.601,9.140177464,2017
,France,,6.441999912,1.430923462,1.387776852,0.844465852,0.470222116,0.172502428,0.129762307,2.005954742,FRA,82.57560976,11.9074022,316360,59130,38470,66918020,1.340760658,0.37,2.8305,8.112379161,2017
,Thailand,,6.423999786,1.127868772,1.425792456,0.647239029,0.580200732,0.031612735,0.57212311,2.039508343,THA,76.683,10.91965756,260660,84450,21330,69209817,0.831286035,1.5700001,12.01050077,0.935496007,2017
,Spain,,6.402999878,1.384397864,1.532090902,0.8889606,0.40878123,0.070914097,0.190133572,1.92775774,ESP,83.28292683,11.68459362,263440,39600,20140,46593236,1.048004708,0.18000001,1.377000077,10.24149105,2017
,Qatar,,6.375,1.870765686,1.27429688,0.710098088,0.604130983,0.439299256,0.33047387,1.14546442,QAT,79.981,10.9973875,87680,8080,940,2724727,1.34011421,2.8199999,21.57299924,-17.91289533,2017
,Colombia,,6.356999874,1.070622325,1.402182937,0.595027924,0.477487415,0.046668742,0.149014473,2.616068125,COL,76.925,10.43872153,76060,74540,21080,48909844,1.112340087,0.98000002,7.497000153,2.099507728,2017
,Saudi Arabia,,6.343999863,1.530623555,1.286677599,0.59014833,0.449750572,0.273432255,0.147616014,2.065429688,SAU,74.874,10.06306457,540700,43370,5690,33101183,0.646353047,2.0999999,16.06499924,-0.32059663,2017
,Trinidad and Tobago,,6.168000221,1.361355901,1.380228519,0.519983292,0.518630743,0.008964816,0.325296462,2.053247452,TTO,73.245,8.555017621,18190,1270,390,1384060,0.796906154,0,0,8.555017621,2017
,Kuwait,,6.105000019,1.632952452,1.259698749,0.632105708,0.496337593,0.21515955,0.228289798,1.640425205,KWT,75.311,8.321865644,89720,5970,740,4056102,0.729181241,1.23,9.4095,1.46063476,2017
,Slovakia,,6.09800005,1.325393558,1.505059242,0.712732911,0.295817465,0.024210852,0.136544481,2.097776651,SVK,77.16585366,8.472811114,33580,4360,1900,5439232,0.873631201,1.1799999,9.026999235,0.58654293,2017
,Bahrain,,6.086999893,1.488412261,1.323110461,0.653133035,0.536746919,0.25704217,0.172668487,1.656149387,BHR,77.032,8.373377577,30380,14540,70,1494077,1.591799011,1.63,12.4695,-11.47556019,2017
,Malaysia,,6.084000111,1.29121542,1.284646034,0.618784428,0.402264982,0.065600708,0.41660893,2.004448891,MYS,75.828,8.219756039,222890,46460,11610,31104655,1.026326478,0.77999997,5.966999771,2.095666179,2017
,Nicaragua,,6.071000099,0.737299204,1.28721571,0.653095961,0.447551847,0.130687982,0.301674217,2.513930559,NIC,74.068,7.932683535,5400,9510,3460,6384843,1.331571316,0.77999997,5.966999771,-0.012802204,2017
,Ecuador,,6.007999897,1.000820398,1.286168814,0.685636222,0.455198199,0.140134647,0.150112465,2.290352583,ECU,76.584,7.719666411,37760,20690,4820,16785356,0.779533371,1.0700001,8.185500765,1.338795403,2017
,El Salvador,,6.002999783,0.909784496,1.182125092,0.596018553,0.43245253,0.08998096,0.078257985,2.714593887,SLV,72.872,7.309060015,6380,3980,1250,6388124,0.497331556,1.96,14.994,-0.147929333,2017
,Poland,,5.97300005,1.291787863,1.44571197,0.699475348,0.520342112,0.059307806,0.158465967,1.797722816,POL,77.75365854,7.565431361,312820,47240,21550,37974826,1.399204095,1.42,10.863,-7.634122724,2017
,Italy,,5.964000225,1.395066619,1.444923282,0.853144348,0.256450713,0.028028091,0.172789648,1.813312054,ITA,82.94634146,7.996029184,329190,44340,17960,60536709,0.750503311,0.94999999,7.267499923,2.541746425,2017
,Russia,,5.962999821,1.281778097,1.469282389,0.547349334,0.373783112,0.032962881,0.052263822,2.205607414,RUS,72.45146341,6.977074628,1557190,850170,58660,144496739,1.731245119,0.68000001,5.202000076,-2.028862613,2017
,Belize,,5.955999851,0.907975316,1.081417799,0.450191766,0.547509372,0.096581072,0.240015641,2.631955624,BLZ,74.365,7.109292894,650,520,230,375775,1.467411153,0.40000001,3.060000077,2.619014654,2017
,Japan,,5.920000076,1.416915178,1.436337829,0.913475871,0.505625546,0.163760737,0.120572768,1.363223553,JPN,84.0997561,7.737178203,1151930,21220,18080,126972000,0.377440607,0.58999997,4.513499771,6.03360011,2017
,Lithuania,,5.90199995,1.314582348,1.473516107,0.62894994,0.234231785,0.011865643,0.010164657,2.228440523,LTU,75.4804878,6.808339626,11220,3230,3660,2828403,2.855186827,0.60000002,4.590000153,-6.296968345,2017
,Algeria,,5.872000217,1.091864467,1.146217465,0.617584646,0.233335808,0.14609611,0.069436647,2.567603827,DZA,76.499,6.670714463,145100,49460,11920,41389174,0.784373402,0.13,0.9945,5.890655115,2017
,Latvia,,5.849999905,1.260748625,1.404714942,0.638566971,0.325707912,0.073842727,0.153074786,1.993655205,LVA,74.62926829,6.343487093,7120,1960,1920,1942248,2.204513336,0.66000003,5.049000229,-4.787101246,2017
,South Korea,,5.837999821,1.401678443,1.128274441,0.900214076,0.257921666,0.063282669,0.206674367,1.880378008,KOR,82.62682927,6.924126811,625350,25600,10600,51361911,0.576366474,1.54,11.781,0.133953378,2017
,Moldova,,5.837999821,0.72887063,1.251825571,0.589465201,0.240729049,0.010091286,0.208779126,2.807808399,MDA,71.717,6.009883314,8160,3370,1060,2755158,0.984227364,1.17,8.9505,-2.799443706,2017
,Romania,,5.824999809,1.217683911,1.15009129,0.685158312,0.457003742,0.004387901,0.133519918,2.176831484,ROU,75.3097561,6.213053442,74100,24130,8500,19588715,1.092369322,1.28,9.792,-4.483426958,2017
,Bolivia,,5.822999954,0.833756566,1.227619052,0.47363025,0.558732927,0.060477726,0.225560725,2.443279028,BOL,70.945,5.838773175,22250,24870,8850,11192853,1.954681536,2.0899999,15.98849923,-25.41365107,2017
,Turkmenistan,,5.822000027,1.130776763,1.493149161,0.43772608,0.418271929,0.25927034,0.249924988,1.832909822,TKM,67.956,5.585983381,71960,49870,3430,5757667,2.522295928,0.47999999,3.671999924,-3.675887073,2017
,Kazakhstan,,5.818999767,1.28455627,1.384369016,0.606041551,0.437454283,0.119282886,0.201964423,1.784892559,KAZ,72.95,5.974603302,225560,43290,13380,18037776,1.948654146,0.95999998,7.343999847,-8.336312446,2017
,North Cyprus,,5.809999943,1.346911311,1.186303377,0.834647238,0.471203625,0.155353352,0.266845703,1.549157619,CYP,80.672,6.534431538,7300,730,370,1179685,0.774607545,0.66000003,5.049000229,2.623437865,2017
,Slovenia,,5.757999897,1.341205955,1.452518821,0.790828228,0.572575808,0.045128979,0.242649093,1.313317299,SVN,81.02926829,6.142017702,14140,2000,790,2066388,0.969381427,1.02,7.803,-1.42206557,2017
,Peru,,5.715000153,1.035225272,1.218770385,0.630166113,0.450002879,0.047049087,0.126819715,2.20726943,PER,76.286,5.454450164,53990,31110,9800,31444299,0.792550699,1.954120098,14.94901875,-6.393405099,2017
,Mauritius,,5.629000187,1.189395547,1.20956099,0.638007462,0.491247326,0.042181555,0.360933751,1.697583914,MUS,74.51463415,4.686971881,4180,1910,230,1264613,0.608197992,0,0,4.686971881,2017
,Cyprus,,5.620999813,1.355938077,1.131363273,0.844714701,0.355111539,0.041237976,0.271254301,1.621249199,CYP,80.672,5.009729692,7300,730,370,1179685,0.774607545,0.66000003,5.049000229,1.098736019,2017
,Estonia,,5.611000061,1.32087934,1.4766711,0.695168316,0.47913143,0.183248922,0.098890811,1.357508659,EST,78.09268293,4.771463403,16280,1060,1360,1317384,2.324127577,0.059999999,0.458999992,3.704688864,2017
,Belarus,,5.568999767,1.15655756,1.444945216,0.637714267,0.295400262,0.156313822,0.155137509,1.723232985,BLR,74.12926829,4.217953641,56240,16720,12160,9458989,2.93831232,0.77999997,5.966999771,-13.3149553,2017
,Libya,,5.525000095,1.101803064,1.35756433,0.52016902,0.46573323,0.09261021,0.152073666,1.835011244,LBY,72.52,3.807300692,56810,33840,1950,6580723,1.387225405,0.20999999,1.606499924,1.578723185,2017
,Turkey,,5.5,1.198274374,1.337753177,0.637605608,0.3007406,0.09967158,0.046693042,1.879277945,TUR,77.161,3.85805,415900,44980,34620,81116451,0.991964156,1.72,13.158,-9.194214367,2017
,Paraguay,,5.493000031,0.932537317,1.50728488,0.579250693,0.473507792,0.091065913,0.224150658,1.68533349,PRY,73.992,3.647805826,8000,30100,10940,6867058,3.906414369,0.75,5.7375,-18.76524662,2017
,Philippines,,5.429999828,0.857699215,1.253917575,0.468009055,0.585214674,0.099331893,0.193513423,1.972604752,PHL,70.952,3.050934782,136590,67430,14330,105172921,0.379281637,1.17,8.9505,-0.343825506,2017
,Serbia,,5.394999981,1.069317579,1.258189797,0.650784671,0.208715528,0.040903781,0.220125884,1.947084427,SRB,75.53902439,2.983791319,46900,12430,4590,7020858,1.640388005,1.65,12.6225,-17.72200627,2017
,Jordan,,5.335999966,0.991012394,1.239088893,0.604590058,0.418421149,0.119803272,0.17217046,1.791176558,JOR,74.292,2.496210945,26100,6160,1260,9785840,0.371299714,1.15,8.7975,-0.770298285,2017
,Hungary,,5.323999882,1.286011934,1.343133092,0.687763453,0.175863519,0.036636937,0.078401662,1.716459274,HUN,75.81707317,2.456472274,46550,7140,5450,9787966,1.282121827,1.21,9.2565,-9.411488418,2017
,Jamaica,,5.31099987,0.925579309,1.368218064,0.641022384,0.474307239,0.055267781,0.233818337,1.612325668,JAM,74.267,2.309702737,7190,790,410,2920848,0.343720218,0.56999999,4.360499924,0.810910753,2017
,Croatia,,5.293000221,1.222556233,0.967983007,0.701288521,0.255772293,0.04310311,0.248002976,1.854492426,HRV,77.82682927,2.280327819,17480,3760,1760,4124531,1.035785612,1.16,8.874,-6.911233704,2017
,China,,5.272999763,1.081165791,1.160837412,0.741415501,0.472787708,0.022794275,0.028806841,1.764938593,CHN,76.47,2.087629191,10017770,1239130,542100,1396215000,0.972641622,3.48,26.622,-23.80603607,2017
,Pakistan,,5.269000053,0.726883531,0.67269069,0.402047783,0.235215262,0.124348067,0.315446019,2.79248929,PAK,66.947,1.800874658,197700,147540,60070,207906210,0.701472531,3.5699999,27.31049924,-17.35669037,2017
,Indonesia,,5.262000084,0.995538592,1.274444699,0.492345721,0.443323463,0.015317135,0.611704588,1.429476976,IDN,71.282,1.867588998,532920,283940,92500,264650969,0.88427916,1.11,8.4915,-5.641267487,2017
,Venezuela,,5.25,1.128431201,1.431337595,0.617144227,0.153997123,0.064491123,0.06501963,1.789463758,VEN,72.246,1.80615,148740,72500,13030,29402480,1.292336394,0.81999999,6.272999924,-6.300676101,2017
,Montenegro,,5.236999989,1.121129036,1.238376498,0.667464674,0.194989055,0.088174194,0.197911024,1.729191542,MNE,76.48536585,1.812703083,2230,830,180,622373,0.806767542,1.15,8.7975,-5.284834369,2017
,Morocco,,5.235000134,0.878114581,0.774864435,0.597710669,0.408158332,0.087763183,0.032209955,2.456189394,MAR,76.218,1.791124018,65930,17390,9300,35581257,0.61976822,0.2,1.53,0.842878641,2017
,Azerbaijan,,5.234000206,1.153601766,1.152400255,0.540775776,0.398155838,0.180987507,0.04526934,1.762481689,AZE,72.693,1.701017697,31970,44230,3870,9854033,1.458890239,0.76999998,5.890499847,-6.89257503,2017
,Dominican Republic,,5.230000019,1.079373837,1.402416706,0.574873745,0.552589834,0.113945253,0.18696785,1.31946516,DOM,73.689,1.694847141,23390,9100,3280,10513111,0.779312178,0.25999999,1.988999924,0.144795279,2017
,Greece,,5.227000237,1.289487481,1.239414573,0.810198903,0.095731251,0.043289777,0,1.749221563,GRC,81.28780488,1.845235093,66800,9460,4460,10754679,1.019665973,0.64999998,4.972499847,-3.225053799,2017
,Lebanon,,5.224999905,1.074987531,1.129624248,0.735081077,0.288515985,0.03751383,0.264450759,1.695073843,LBN,78.833,1.773741748,29280,3170,760,6819373,0.323411857,1.0700001,8.185500765,-0.873546253,2017
,Portugal,,5.195000172,1.315175295,1.367043018,0.795843542,0.4984653,0.015869452,0.095102713,1.107682705,PRT,81.42439024,1.587777007,53330,11510,3240,10300300,0.839438179,0.14,1.071,0.688738718,2017
,Bosnia and Herzegovina,,5.18200016,0.982409418,1.069335938,0.705186307,0.204403177,0,0.328867495,1.892172575,BIH,77.128,1.403730836,22650,3420,1210,3351534,0.932264342,2.1199999,16.21799924,-13.71573156,2017
,Honduras,,5.181000233,0.730573118,1.143944979,0.58256948,0.34807986,0.073345453,0.236188874,2.065811157,HND,74.898,1.355655543,9000,8010,3120,9429016,0.807602457,1.66,12.699,-8.900088059,2017
,Macedonia,,5.175000191,1.064577937,1.207893014,0.644948184,0.325905979,0.060277794,0.253760964,1.617469311,MKD,75.95365854,1.329190473,7860,2520,570,2074502,0.761720322,1.95,14.9175,-10.03377244,2017
,Somalia,,5.151000023,0.022643184,0.721151352,0.113989137,0.602126956,0.282410324,0.291631311,3.11748457,SOM,56.709,0.85630603,660,19400,6600,14589165,1.119275766,0.28999999,2.218499924,-1.626807172,2017
,Vietnam,,5.073999882,0.788547575,1.277491331,0.652168989,0.571055591,0.087633237,0.234968051,1.462318659,VNM,75.241,0.55678251,222130,88650,23790,94600643,0.665301963,2.0699999,15.83549923,-9.978606215,2017
,Nigeria,,5.073999882,0.783756256,1.215770483,0.05691573,0.394952565,0.026121566,0.230947196,2.365390539,NGA,53.95,0.399229362,112920,126830,37290,190873247,0.499773086,1.75,13.3875,-6.291482824,2017
,Tajikistan,,5.040999889,0.524713635,1.271463275,0.529235125,0.471566707,0.146377146,0.248997644,1.84904933,TJK,70.647,0.289651918,6370,5490,1970,8880270,0.548757926,1.2,9.18,-4.747945838,2017
,Bhutan,,5.011000156,0.885416389,1.340126514,0.495879292,0.501537681,0.17338039,0.474054545,1.140184402,BTN,71.129,0.078243012,1330,870,180,745563,0.672929177,2.0999999,16.06499924,-10.7323637,2017
,Kyrgyzstan,,5.004000187,0.596220076,1.394238591,0.553457797,0.454943389,0.039439179,0.428580374,1.536723137,KGZ,71.2,0.028481331,9340,4880,1850,6198200,0.735715966,1.0700001,8.185500765,-5.993722269,2017
,Nepal,,4.961999893,0.479820192,1.179283261,0.504130781,0.440305948,0.072975546,0.394096166,1.891241074,NPL,70.169,-0.266642949,11030,30510,7960,27632682,0.751141981,3.9000001,29.83500077,-22.67696453,2017
,Mongolia,,4.954999924,1.027235866,1.493011236,0.557783484,0.394143969,0.032902289,0.33846423,1.111292362,MNG,69.509,-0.31279103,19470,17950,13240,3113788,9.618004241,2.9000001,22.18500077,-213.6882225,2017
,South Africa,,4.828999996,1.054698706,1.384788632,0.18708007,0.479246736,0.072509497,0.13936238,1.510908604,ZAF,63.538,-1.086499824,435140,44990,19150,57009751,0.85394999,1.61,12.3165,-11.60417488,2017
,Tunisia,,4.804999828,1.007265806,0.86835146,0.613212049,0.28968069,0.086723149,0.049693357,1.89025116,TUN,76.31,-1.48804631,29890,6330,3240,11433438,0.679294721,0.43000001,3.289500077,-3.722586347,2017
,Egypt,,4.735000134,0.989701807,0.997471392,0.520187259,0.282110155,0.114381365,0.128631443,1.702161074,EGY,71.656,-1.898883043,238690,56050,22050,96442590,0.569288898,1.36,10.404,-7.821764739,2017
,Bulgaria,,4.714000225,1.161459088,1.434379458,0.70821768,0.289231718,0.011051531,0.113177694,0.996139288,BGR,74.81463415,-2.139696853,44040,7030,4050,7075947,1.360872192,1.39,10.6335,-16.61053131,2017
,Sierra Leone,,4.709000111,0.368420929,0.984136045,0.005564754,0.318697691,0.071095176,0.293040901,2.668459892,SLE,53.895,-1.568343904,970,4740,1620,7488427,0.535550164,0.64999998,4.972499847,-4.231367014,2017
,Cameroon,,4.695000172,0.564305365,0.946018219,0.132892117,0.430388749,0.051306631,0.236298457,2.333645582,CMR,58.511,-1.784584496,8320,14800,62680,24566070,5.349485515,2.52,19.278,-104.9119663,2017
,Iran,,4.691999912,1.156873107,0.711551249,0.639333189,0.249322608,0.048761073,0.387242913,1.498734951,IRN,76.271,-2.349147469,620780,146030,37210,80673888,1.255554706,1.24,9.486,-14.25933941,2017
,Albania,,4.644000053,0.996192753,0.803685248,0.731159747,0.381498635,0.039864216,0.201312944,1.490441561,ALB,78.333,-2.788654382,5600,3210,1210,2873457,1.037677245,0.89999998,6.884999847,-9.933062056,2017
,Bangladesh,,4.607999802,0.586682975,0.735131741,0.533241034,0.478356659,0.123717859,0.172255352,1.978736162,BGD,72.052,-2.824439829,78710,82590,28400,159685421,0.442408029,5.6799998,43.45199847,-22.04795284,2017
,Namibia,,4.573999882,0.964434326,1.098470807,0.338611811,0.520303547,0.093146972,0.077133745,1.481890202,NAM,63.021,-2.684695345,4330,4960,3320,2402623,3.150798795,0.92000002,7.038000153,-24.86001775,2017
,Kenya,,4.552999973,0.560479462,1.067950726,0.30998835,0.452763766,0.064641319,0.444860309,1.651902199,KEN,65.909,-2.946132476,18890,38630,17530,50221146,0.829997165,0.88,6.732,-8.53367339,2017
,Mozambique,,4.550000191,0.23430565,0.870701015,0.106654435,0.480791092,0.179436386,0.322228104,2.355650902,MOZ,59.309,-2.668903869,6020,15830,9760,28649007,0.781331311,0.64999998,4.972499847,-6.554073695,2017
,Myanmar,,4.545000076,0.36711055,1.123235941,0.397522569,0.514492035,0.188816205,0.838075161,1.115290403,MMR,66.558,-3.028388492,31400,67120,21140,53382521,0.996471332,2.3299999,17.82449923,-20.789991,2017
,Senegal,,4.534999847,0.479309022,1.179691911,0.409362853,0.377922267,0.115460448,0.183468893,1.789646149,SEN,67.38,-3.133171028,9570,10780,7970,15419354,1.168014627,0.050000001,0.382500008,-3.579936632,2017
,Zambia,,4.513999939,0.636406779,1.003187299,0.257835895,0.461603492,0.07821355,0.249580145,1.826705456,ZMB,63.043,-3.063890185,6990,17450,14680,16853608,1.944145137,1.36,10.404,-23.29077619,2017
,Iraq,,4.497000217,1.102710485,0.978613198,0.50118047,0.288555533,0.107215755,0.199637264,1.318907261,IRQ,70.294,-3.535786672,174290,16340,5300,37552789,0.382807433,1.97,15.0705,-9.304886097,2017
,Gabon,,4.465000153,1.198210239,1.155620217,0.356578588,0.312328577,0.076046787,0.043785378,1.322916269,GAB,65.839,-3.522385495,4700,1150,490,2064812,0.582478837,1.55,11.8575,-10.4291283,2017
,Ethiopia,,4.460000038,0.339233845,0.864669204,0.353409708,0.408842742,0.165455714,0.31265074,2.015743732,ETH,65.872,-3.557087749,15460,102660,51880,106399926,1.141568392,1.12,8.568,-13.33804573,2017
,Sri Lanka,,4.440000057,1.009850144,1.259976387,0.625130832,0.561213255,0.073653966,0.490863562,0.419389248,LKA,76.648,-4.292287561,23310,9110,2350,21444000,0.292646623,1.36,10.404,-7.336983023,2017
,Armenia,,4.375999928,0.900596738,1.007483721,0.637524426,0.198303267,0.026674422,0.083488092,1.521499157,ARM,74.797,-4.667333342,5320,2510,1220,2944789,0.985697618,1.42,10.863,-15.37496657,2017
,India,,4.315000057,0.792221248,0.754372597,0.455427617,0.469987005,0.092226885,0.231538489,1.519117117,IND,69.165,-4.737802104,2301440,661610,248300,1338676779,0.463099773,4.6900001,35.87850077,-21.35312767,2017
,Mauritania,,4.291999817,0.648457289,1.27203083,0.28534928,0.096098043,0.136957005,0.201870024,1.651637316,MRT,64.464,-4.56405238,3800,6860,3230,4282582,1.785488978,0.01,0.076499998,-4.700642284,2017
,Georgia,,4.285999775,0.950612664,0.570614934,0.649546981,0.309410036,0.251666635,0.054008815,1.500137806,GEO,73.414,-5.241761252,9630,5310,2100,3728004,1.378167619,1.05,8.0325,-16.31189265,2017
,Congo (Kinshasa),,4.28000021,0.092102349,1.229023457,0.191407025,0.235961348,0.060241356,0.246455833,2.224958658,COD,60.026,-4.321870741,2280,38830,16630,81398765,0.488267465,2.51,19.2015,-13.69733846,2017
,Mali,,4.190000057,0.476180494,1.281473398,0.169365674,0.306613743,0.104970247,0.183354199,1.668190956,MLI,58.452,-4.734611666,5050,22530,13640,18512429,1.69170409,0.12,0.918,-6.28759602,2017
,Cambodia,,4.168000221,0.601765096,1.006238341,0.429783404,0.633375823,0.068105951,0.385922968,1.042941093,KHM,69.289,-5.764843267,11370,20470,5280,16009413,0.863695894,1.04,7.956,-12.6364078,2017
,Sudan,,4.138999939,0.659516692,1.21400857,0.290920824,0.014995855,0.08984752,0.182317451,1.68706584,SDN,64.881,-5.586254496,20340,58410,29270,40813398,1.682622361,0.56,4.284,-12.79460869,2017
,Ghana,,4.119999886,0.667224824,0.873664737,0.295637727,0.423026294,0.02533637,0.256923944,1.577867508,GHA,63.463,-5.584744726,14780,20850,6150,29121464,0.539040044,0.81,6.1965,-8.924906361,2017
,Ukraine,,4.096000195,0.894651949,1.394537568,0.575903952,0.122974776,0.023029471,0.270061463,0.814382315,UKR,71.78097561,-6.488998799,174840,63650,24770,44831135,1.364040032,1.12,8.568,-18.17609379,2017
,Uganda,,4.080999851,0.381430715,1.129827738,0.217632607,0.443185955,0.057069719,0.325766057,1.526362658,UGA,62.516,-5.74522133,5840,32770,15330,41166588,0.880318532,1.73,13.2345,-17.39579695,2017
,Burkina Faso,,4.032000065,0.350227714,1.043280005,0.215844259,0.324367851,0.120328106,0.250864685,1.727212906,BFA,60.768,-5.882342006,4070,15590,9860,19193236,1.174587161,0.34,2.601,-8.937443212,2017
,Niger,,4.027999878,0.161925331,0.993025005,0.268505007,0.363658696,0.138572946,0.228673846,1.873983383,NER,61.599,-5.987423552,2070,28690,11690,21602388,1.302455292,0.55000001,4.207500077,-11.46750429,2017
,Malawi,,3.970000029,0.233442038,0.512568831,0.315089583,0.466914654,0.072711654,0.28717047,2.081786156,MWI,63.279,-6.517736819,1500,10530,4220,17670193,0.576458479,1.08,8.262,-11.28043677,2017
,Chad,,3.936000109,0.438012987,0.953855872,0.041134715,0.162342027,0.053581882,0.21611385,2.071238041,TCD,53.712,-5.714956216,1020,52140,23880,15016761,3.7658382,0.58999997,4.513499771,-22.71206607,2017
,Zimbabwe,,3.875,0.375846535,1.083095908,0.196763754,0.336384207,0.095375381,0.189143494,1.597970247,ZWE,60.812,-6.84135,10230,11560,6280,14236599,1.028152015,0.92000002,7.038000153,-14.07748404,2017
,Lesotho,,3.808000088,0.521021247,1.190095186,0,0.390661299,0.11909464,0.157497272,1.42983532,LSO,52.947,-6.311281935,2440,2360,850,2091532,1.003730706,1.9,14.535,-20.90050774,2017
,Angola,,3.795000076,0.85842818,1.10441196,0.049868666,0,0.069720335,0.09792649,1.614482403,AGO,60.379,-7.275669039,30840,37450,18490,29816769,1.461535503,1.28,9.792,-21.58702468,2017
,Afghanistan,,3.79399991,0.401477218,0.581543326,0.180746779,0.10617952,0.06115783,0.311870933,2.150801182,AFG,64.13,-7.734078575,7380,79610,9450,36296111,0.844889207,0.97000003,7.42050023,-14.00357913,2017
,Botswana,,3.766000032,1.122094154,1.221554995,0.341755509,0.505196333,0.098583199,0.099348448,0.377913713,BWA,68.812,-8.491400577,7870,5280,4140,2205076,4.231099847,0.79000002,6.043500153,-34.06205315,2017
,Benin,,3.657000065,0.431085408,0.435299844,0.209930211,0.425962776,0.060929015,0.207948461,1.885630965,BEN,61.174,-8.215667803,7360,5420,2570,11175192,0.546529078,1.2,9.18,-13.23280474,2017
,Madagascar,,3.644000053,0.305808693,0.913020372,0.375223309,0.189196765,0.067231975,0.20873253,1.584612608,MDG,66.311,-8.991771246,3500,16520,8720,25570511,0.794617169,0.38,2.907,-11.30172336,2017
,Haiti,,3.602999926,0.368610263,0.640449822,0.27732113,0.030369857,0.09987215,0.489203781,1.697167635,HTI,63.29,-8.841613471,3370,4700,1590,10982367,0.36048025,0.33000001,2.524500077,-9.75164589,2017
,South Sudan,,3.59100008,0.397248626,0.601323128,0.163486004,0.147062436,0.116793513,0.285670817,1.879567385,SSD,57.365,-8.08272804,1520,32780,21630,10910774,4.51000189,1,7.65,-42.5842425,2017
,Liberia,,3.532999992,0.119041793,0.872117937,0.229918197,0.332881182,0.038948249,0.266549885,1.673285961,LBR,63.295,-9.285376548,1260,6140,1360,4702224,0.780837644,0.57999998,4.436999847,-12.74995306,2017
,Guinea,,3.506999969,0.24454993,0.791244686,0.194129139,0.348587513,0.110937618,0.264815092,1.552311897,GIN,60.706,-9.063405985,2970,17670,6950,12067516,1.394229621,0.56,4.284,-15.03628568,2017
,Togo,,3.494999886,0.305444717,0.43188253,0.247105569,0.380426139,0.095665015,0.196896151,1.837229252,TGO,60.489,-9.103595192,2070,3410,1760,7698476,0.535259833,1.05,8.0325,-13.4030698,2017
,Rwanda,,3.470999956,0.368745893,0.945707023,0.326424807,0.581843853,0.455220014,0.252756029,0.540061235,RWA,68.341,-10.4493392,1050,2830,2000,11980960,0.377925423,2.4200001,18.51300077,-17.44587284,2017
,Syria,,3.461999893,0.777153134,0.396102607,0.500533342,0.081539445,0.151347131,0.493663728,1.061573505,SYR,70.967,-10.91472536,29100,12820,3310,17095669,0.515492071,1.48,11.322,-16.75112659,2017
,Tanzania,,3.348999977,0.511135876,1.041989803,0.364509284,0.390017778,0.066035107,0.354256362,0.621130466,TZA,64.479,-10.64548305,11360,61520,29760,54660345,1.281717068,0.92000002,7.038000153,-19.66620797,2017
,Burundi,,2.904999971,0.091622569,0.629793584,0.151610792,0.059900753,0.084147945,0.204435185,1.683024168,BDI,60.898,-12.75813117,570,2130,2300,10827010,0.466031077,2.24,17.136,-20.74403971,2017
,Central African Republic,,2.693000078,0,0,0.018772686,0.270842046,0.056565076,0.280876487,2.066004753,CAF,,,,,,,,,,,
,Finland,,7.632,1.305,1.592,0.874,0.681,0.393,0.202,,FIN,81.73414634,21.51242732,44360,4240,4670,5515525,1.927250415,0.029999999,0.229499992,21.07012336,2018
,Norway,,7.594,1.456,1.582,0.861,0.686,0.34,0.286,,NOR,82.75853659,21.46756439,37350,4850,3190,5311916,1.427782541,0.07,0.5355,20.70298684,2018
,Denmark,,7.555,1.351,1.59,0.868,0.683,0.408,0.284,,DNK,80.95365854,20.68365976,33380,7140,4740,5793636,1.917846053,0.36000001,2.754000077,15.40191158,2018
,Iceland,,7.495,1.343,1.644,0.914,0.677,0.138,0.353,,ISL,82.86097561,20.67381341,2200,530,400,352721,2.617578829,0,0,20.67381341,2018
,Switzerland,,7.487,1.42,1.549,0.927,0.66,0.357,0.256,,CHE,83.75365854,20.82953488,37480,4790,2140,8514329,0.632852514,0.43000001,3.289500077,18.74776648,2018
,Netherlands,,7.441,1.361,1.488,0.878,0.638,0.295,0.333,,NLD,81.81219512,19.97035683,151170,17260,7790,17231624,1.142586621,0.57999998,4.436999847,14.90070017,2018
,Canada,,7.328,1.33,1.532,0.896,0.653,0.291,0.321,,CAN,82.04878049,19.1009561,574400,93980,43120,37065084,2.886770328,0.14,1.071,16.00922508,2018
,New Zealand,,7.324,1.268,1.601,0.876,0.669,0.389,0.365,,NZL,81.85853659,19.0239239,32210,32530,15040,4900600,7.377618811,0,0,19.0239239,2018
,Sweden,,7.314,1.355,1.501,0.913,0.659,0.383,0.285,,SWE,82.55853659,19.10404537,36000,4580,4920,10175214,1.095075868,0.07,0.5355,18.51763224,2018
,Australia,,7.272,1.34,1.573,0.91,0.647,0.302,0.361,,AUS,82.74878049,18.80052293,386620,139070,76760,24982688,7.293548915,0,0,18.80052293,2018
,United Kingdom,,7.19,1.244,1.433,0.888,0.464,0.082,0.262,,GBR,81.25609756,17.79508537,358800,51210,28290,66460344,1.032234127,0.34999999,2.677499924,15.03127857,2018
,Austria,,7.139,1.341,1.504,0.891,0.617,0.224,0.242,,AUT,81.69268293,17.47406488,63180,6660,3620,8840521,1.007818537,0.73000002,5.584500153,11.8459021,2018
,Costa Rica,,7.072,1.01,1.459,0.817,0.632,0.101,0.143,,CRI,80.095,16.595684,8260,4820,1940,4999443,0.955961366,0.49000001,3.748500077,13.01226275,2018
,Ireland,,6.977,1.448,1.583,0.876,0.614,0.306,0.307,,IRL,82.20487805,16.25190439,37110,16820,10060,4867316,4.846752336,0.02,0.153,15.51035128,2018
,Germany,,6.965,1.34,1.474,0.861,0.586,0.28,0.273,,DEU,80.89268293,15.8954122,709540,53370,32900,82905782,0.975487174,0.56999999,4.360499924,11.64180045,2018
,Belgium,,6.927,1.324,1.483,0.894,0.583,0.24,0.188,,BEL,81.59512195,15.72338,93470,8200,4460,11427054,0.969749894,0.56999999,4.360499924,11.49478566,2018
,Luxembourg,,6.91,1.576,1.52,0.896,0.632,0.321,0.196,,LUX,82.29512195,15.71836829,9320,540,300,607950,1.256913687,0.46000001,3.519000077,11.29528893,2018
,United States,,6.886,1.398,1.471,0.819,0.547,0.133,0.291,,USA,78.63902439,14.83132,4981300,622590,250060,326838199,1.965956654,0.20999999,1.606499924,11.67301079,2018
,Israel,,6.814,1.301,1.559,0.883,0.533,0.272,0.354,,ISR,82.80243902,15.02036244,61970,12070,2360,8882800,0.792463113,0.67000002,5.125500153,10.95859263,2018
,United Arab Emirates,,6.774,2.096,0.776,0.67,0.284,,0.186,,ARE,77.814,13.8042036,200300,52960,7140,9630966,2.461279196,1.29,9.8685,-10.48493014,2018
,Czech Republic,,6.711,1.233,1.489,0.854,0.543,0.034,0.064,,CZE,79.02926829,13.5219078,102480,12430,5170,10629928,1.243555705,1.03,7.8795,3.723310629,2018
,Malta,,6.627,1.27,1.525,0.884,0.645,0.142,0.376,,MLT,82.44878049,13.41441659,1550,220,40,484630,0.257612704,0.11,0.8415,13.1976355,2018
,France,,6.489,1.293,1.466,0.908,0.52,0.176,0.098,,FRA,82.67560976,12.31039829,309960,58340,38030,67101930,1.334990935,0.37,2.8305,8.531706451,2018
,Mexico,,6.488,1.038,1.252,0.761,0.479,0.095,0.069,,MEX,74.992,11.1588096,472140,144610,42250,126190782,0.884738318,1.02,7.803,4.255196503,2018
,Chile,,6.476,1.131,1.331,0.808,0.431,0.061,0.197,,CHL,80.042,11.8141992,86620,13480,6410,18729166,0.845999209,1.01,7.7265,5.277586309,2018
,Panama,,6.43,1.112,1.438,0.759,0.597,0.063,0.125,,PAN,78.329,11.201047,10140,5390,1310,4176868,0.852164548,0.25,1.9125,9.571282301,2018
,Brazil,,6.419,0.986,1.474,0.675,0.493,0.088,0.11,,BRA,75.672,10.7378568,427710,416280,179200,209469320,2.077277043,0.51999998,3.977999847,2.474449039,2018
,Argentina,,6.388,1.073,1.468,0.744,0.57,0.054,0.062,,ARG,76.52,10.620976,177410,117850,47930,44494502,2.645814252,0.47,3.5955,1.107950856,2018
,Guatemala,,6.382,0.781,1.268,0.608,0.604,0.071,0.179,,GTM,74.063,10.2355066,18210,11750,5000,16346950,0.746441867,1.92,14.688,-0.728231539,2018
,Uruguay,,6.379,1.093,1.459,0.771,0.625,0.155,0.13,,URY,77.77,10.724483,6520,20940,7730,3449290,5.540457115,0.22,1.683,1.399893676,2018
,Qatar,,6.374,1.649,1.303,0.748,0.654,0.171,0.256,,QAT,80.1,11.00574,90170,8110,880,2781682,1.288882962,2.54,19.431,-14.03854483,2018
,Saudi Arabia,,6.371,1.379,1.331,0.633,0.509,0.127,0.098,,SAU,74.998,10.2822258,514600,44170,5750,33702757,0.643258472,1.9400001,14.84100077,0.735626326,2018
,Singapore,,6.343,1.529,1.451,1.008,0.631,0.457,0.261,,SGP,83.29756098,11.18686244,47360,4150,9710,5638676,3.749344247,0.81,6.1965,-12.04594919,2018
,Malaysia,,6.322,1.161,1.258,0.669,0.356,0.059,0.311,,MYS,75.997,10.0468034,239620,46580,11120,31528033,0.994764866,0.88,6.732,3.35004632,2018
,Spain,,6.31,1.251,1.538,0.965,0.449,0.074,0.142,,ESP,83.43170732,10.92955366,258340,39940,20350,46797754,1.063897367,0.2,1.53,9.301790686,2018
,Colombia,,6.26,0.96,1.439,0.635,0.531,0.039,0.099,,COL,77.109,9.715734,79490,76700,21720,49661056,1.140345952,0.89999998,6.884999847,1.864452297,2018
,Slovakia,,6.173,1.21,1.537,0.776,0.354,0.014,0.118,,SVK,77.26585366,9.063284634,33000,4360,1970,5446771,0.907543582,1.0700001,8.185500765,1.634585948,2018
,El Salvador,,6.167,0.806,1.231,0.639,0.461,0.082,0.065,,SLV,73.096,8.5303032,6810,3990,1200,6420740,0.484380009,1.84,14.076,1.712170194,2018
,Nicaragua,,6.141,0.668,1.319,0.7,0.527,0.128,0.208,,NIC,74.275,8.4747775,5210,9830,3410,6465502,1.319277174,0.56,4.284,2.822994087,2018
,Poland,,6.123,1.176,1.448,0.781,0.546,0.064,0.108,,POL,77.60243902,8.714753902,312740,47540,21480,37974750,1.410985418,1.37,10.4805,-6.07307877,2018
,Bahrain,,6.105,1.338,1.366,0.698,0.594,0.123,0.243,,BHR,77.163,8.5265115,30750,14850,90,1569440,1.587117797,1.49,11.3985,-9.564250712,2018
,Kuwait,,6.083,1.474,1.301,0.675,0.554,0.106,0.167,,KWT,75.398,8.1656034,89460,6080,750,4137314,0.7306546,1.36,10.404,0.56387294,2018
,Thailand,,6.072,1.016,1.417,0.707,0.637,0.029,0.364,,THA,76.931,8.2470032,257860,84140,19950,69428454,0.794939905,1.6,12.24,-1.483061238,2018
,Italy,,6,1.264,1.501,0.946,0.281,0.028,0.137,,ITA,83.34634146,8.334634146,324850,43670,17900,60421760,0.755615589,0.69999999,5.354999924,4.288312724,2018
,Ecuador,,5.973,0.889,1.33,0.736,0.556,0.12,0.114,,ECU,76.8,7.47264,39530,20350,4950,17084359,0.787583363,1.04,7.956,1.206626768,2018
,Belize,,5.956,0.807,1.101,0.474,0.593,0.089,0.183,,BLZ,74.496,7.1218176,680,530,210,383071,1.349799312,0.28999999,2.218499924,4.127287929,2018
,Lithuania,,5.952,1.197,1.527,0.716,0.35,0.006,0.026,,LTU,75.6804878,7.204782439,11590,3150,3530,2801543,2.812618361,0.76999998,5.890499847,-9.362945588,2018
,Slovenia,,5.948,1.219,1.506,0.856,0.633,0.051,0.16,,SVN,81.37804878,7.714639024,14050,1980,790,2073894,0.974242212,0.94,7.191,0.708863278,2018
,Romania,,5.945,1.116,1.219,0.726,0.528,0.001,0.088,,ROU,75.35853659,7.121381707,74880,23780,8640,19473970,1.122922642,1.08,8.262,-2.156205161,2018
,Latvia,,5.933,1.148,1.454,0.671,0.363,0.066,0.092,,LVA,74.78292683,6.977247073,7630,1940,1860,1927174,2.180238023,0.91000003,6.961500229,-8.200480424,2018
,Japan,,5.915,1.294,1.462,0.988,0.553,0.15,0.079,,JPN,84.21097561,7.705304268,1106150,21110,18010,126811000,0.378141352,0.57999998,4.436999847,6.027491146,2018
,Mauritius,,5.891,1.09,1.387,0.684,0.584,0.05,0.245,,MUS,74.41634146,6.630496024,4130,1930,230,1265303,0.616139902,0,0,6.630496024,2018
,Jamaica,,5.89,0.819,1.493,0.693,0.575,0.031,0.096,,JAM,74.368,6.618752,8510,780,410,2934853,0.34817239,0.54000002,4.131000153,5.180451805,2018
,South Korea,,5.875,1.266,1.204,0.955,0.244,0.051,0.175,,KOR,82.62682927,7.229847561,630870,25530,10770,51585058,0.587224295,1.52,11.628,0.401603456,2018
,Russia,,5.81,1.151,1.479,0.599,0.399,0.025,0.065,,RUS,72.66219512,5.885637805,1607550,849570,58610,144477859,1.75047408,0.57999998,4.436999847,-1.881215419,2018
,Kazakhstan,,5.79,1.143,1.516,0.631,0.454,0.121,0.148,,KAZ,73.15,5.77885,220450,41360,10980,18276452,1.652691636,0.82999998,6.349499847,-4.714915288,2018
,Cyprus,,5.762,1.229,1.191,0.909,0.423,0.035,0.202,,CYP,80.828,6.1590936,7230,740,370,1189262,0.777134263,0.54000002,4.131000153,2.948751841,2018
,Bolivia,,5.752,0.751,1.223,0.508,0.606,0.054,0.141,,BOL,71.239,5.3571728,22710,25050,8770,11353140,1.934906363,1.9299999,14.76449924,-23.21075072,2018
,Estonia,,5.739,1.2,1.532,0.737,0.553,0.174,0.086,,EST,78.24390244,5.78222439,16000,1050,1350,1321977,2.321828375,0.19,1.4535,2.407446847,2018
,Paraguay,,5.681,0.835,1.522,0.615,0.541,0.074,0.162,,PRY,74.131,5.0483211,8420,29070,10070,6956069,3.615279626,0.63,4.8195,-12.37551906,2018
,Peru,,5.663,0.934,1.249,0.674,0.53,0.034,0.092,,PER,76.516,5.0730108,54280,31410,9360,31989265,0.759851228,1.864940098,14.26679175,-5.767628428,2018
,Moldova,,5.64,0.657,1.301,0.62,0.232,0,0.171,,MDA,71.808,4.595712,8590,3310,1160,2708214,1.086573814,0.89999998,6.884999847,-2.88534854,2018
,Turkmenistan,,5.636,1.016,1.533,0.517,0.417,0.037,0.199,,TKM,68.073,4.3294428,71730,49580,3430,5850902,2.500596645,0.38999999,2.983499923,-3.1310871,2018
,Hungary,,5.62,1.171,1.401,0.732,0.259,0.022,0.061,,HUN,76.06585366,4.716082927,46390,7120,5790,9775564,1.369158279,1.04,7.956,-6.176940338,2018
,Libya,,5.566,0.985,1.35,0.553,0.496,0.148,0.116,,LBY,72.724,4.1161784,58940,37790,1970,6678565,1.472974085,0.12,0.918,2.76398819,2018
,Philippines,,5.524,0.775,1.312,0.513,0.643,0.105,0.12,,PHL,71.095,3.725378,142240,67660,13640,106651394,0.365081807,0.94,7.191,1.100074729,2018
,Honduras,,5.504,0.62,1.205,0.622,0.459,0.074,0.197,,HND,75.088,3.7844352,9770,8150,3210,9587523,0.82465815,1.48,11.322,-5.552344373,2018
,Belarus,,5.483,1.039,1.498,0.7,0.307,0.154,0.101,,BLR,74.17560976,3.582681951,59310,16730,12010,9438785,2.944372346,0.85000002,6.502500153,-15.56309968,2018
,Turkey,,5.483,1.148,1.38,0.686,0.324,0.109,0.106,,TUR,77.437,3.7402071,412970,47400,34380,82340090,0.985198561,1.58,12.087,-8.16788791,2018
,Pakistan,,5.472,0.652,0.81,0.424,0.334,0.113,0.216,,PAK,67.114,3.1677808,208370,151020,60950,212228288,0.7056125,3.3199999,25.39799924,-14.75336492,2018
,Portugal,,5.41,1.188,1.429,0.884,0.562,0.017,0.055,,PRT,81.32439024,3.3343,49780,11320,3090,10283822,0.814179151,0.050000001,0.382500008,3.022876469,2018
,Serbia,,5.398,0.975,1.369,0.685,0.288,0.043,0.134,,SRB,75.8902439,3.020431707,45540,12400,4120,6982604,1.524289913,1.58,12.087,-15.40366047,2018
,Greece,,5.358,1.154,1.202,0.879,0.131,0.044,0,,GRC,81.78780488,2.928003415,65290,9670,4450,10732882,1.032213711,0.57999998,4.436999847,-1.651928665,2018
,Lebanon,,5.358,0.965,1.179,0.785,0.503,0.136,0.214,,LBN,78.875,2.823725,27710,3250,740,6859408,0.318891681,1.05,8.0325,0.26222757,2018
,Montenegro,,5.347,1.017,1.279,0.729,0.259,0.081,0.111,,MNE,76.84146341,2.66639878,2520,820,180,622227,0.816194746,1.13,8.6445,-4.3891967,2018
,Croatia,,5.321,1.115,1.161,0.737,0.38,0.039,0.12,,HRV,78.07073171,2.506070488,16580,3820,1790,4087843,1.071813394,1.1,8.415,-6.513239221,2018
,Dominican Republic,,5.302,0.982,1.441,0.614,0.578,0.106,0.12,,DOM,73.892,2.2315384,25120,9200,3390,10627147,0.802945162,0.22,1.683,0.880181693,2018
,Algeria,,5.295,0.979,1.154,0.687,0.077,0.135,0.055,,DZA,76.693,2.2624435,151670,49550,12110,42228415,0.78748646,0.079999998,0.611999985,1.780501799,2018
,Morocco,,5.254,0.779,0.797,0.669,0.46,0.074,0.026,,MAR,76.453,1.9419062,66680,17670,9430,36029089,0.627173007,0.28,2.142,0.598501618,2018
,China,,5.246,0.989,1.142,0.799,0.597,0.103,0.029,,CHN,76.704,1.8869184,10313460,1238630,538790,1402760000,0.974598176,2.99,22.8735,-20.40555298,2018
,Azerbaijan,,5.201,1.024,1.161,0.603,0.43,0.176,0.031,,AZE,72.864,1.4645664,32020,43600,4160,9939771,1.513205743,0.55000001,4.207500077,-4.902246877,2018
,Tajikistan,,5.199,0.474,1.166,0.598,0.292,0.034,0.187,,TJK,70.879,1.4104921,7330,5520,1980,9100847,0.544478586,0.88,6.732,-2.25493774,2018
,Macedonia,,5.185,0.959,1.239,0.691,0.394,0.052,0.173,,MKD,76.64878049,1.418002439,7370,2520,550,2076217,0.747325689,1.95,14.9175,-9.730228521,2018
,Jordan,,5.161,0.822,1.265,0.645,0.468,0.134,0.13,,JOR,74.405,1.1979205,24700,6300,1250,9965322,0.367343377,1.15,8.7975,-2.033782861,2018
,Nigeria,,5.155,0.689,1.172,0.048,0.462,0.032,0.201,,NGA,54.332,0.842146,130670,127900,37420,195874685,0.494829207,1.8099999,13.84649924,-6.009506232,2018
,Kyrgyzstan,,5.131,0.53,1.416,0.594,0.54,0.035,0.281,,KGZ,71.4,0.93534,11000,4990,1990,6322800,0.779070009,0.94999999,7.267499923,-4.726551231,2018
,Bosnia and Herzegovina,,5.129,0.915,1.078,0.758,0.28,0,0.216,,BIH,77.262,0.9966798,22540,3380,1090,3323929,0.872597978,2.02,15.453,-12.48757676,2018
,Mongolia,,5.125,0.914,1.517,0.575,0.395,0.032,0.253,,MNG,69.689,0.8711125,21320,17860,13190,3170214,9.51188622,2.3800001,18.20700077,-172.3118072,2018
,Vietnam,,5.103,0.715,1.365,0.702,0.618,0.079,0.177,,VNM,75.317,0.7757651,257860,87750,24080,95545959,0.673064884,1.84,14.076,-8.698296206,2018
,Indonesia,,5.093,0.899,1.215,0.522,0.538,0.018,0.484,,IDN,71.509,0.6650337,583110,287500,95690,267670549,0.911352395,1.3099999,10.02149924,-8.468083634,2018
,Bhutan,,5.082,0.796,1.335,0.527,0.541,0.171,0.364,,BTN,71.46,0.585972,1380,860,190,754396,0.698151791,2.3099999,17.67149924,-11.75141685,2018
,Somalia,,4.982,0,0.712,0.115,0.674,0.282,0.238,,SOM,57.068,-0.1027224,690,19430,6570,15008225,1.095443025,0.34999999,2.677499924,-3.035771015,2018
,Cameroon,,4.975,0.535,0.891,0.182,0.454,0.043,0.183,,CMR,58.921,-0.1473025,8620,14960,62710,25216261,5.269085055,2.49,19.0485,-100.5154692,2018
,Bulgaria,,4.933,1.054,1.515,0.712,0.359,0.009,0.064,,BGR,74.96341463,-0.502254878,41130,6910,4050,7025037,1.379761423,1.3,9.945,-14.22398223,2018
,Nepal,,4.88,0.425,1.228,0.539,0.526,0.078,0.302,,NPL,70.478,-0.845736,12030,30800,8330,28095712,0.775571916,4.29,32.8185,-26.29884294,2018
,Venezuela,,4.806,0.996,1.469,0.657,0.133,0.052,0.056,,VEN,72.128,-1.3992832,138160,72340,13540,28887117,1.362592871,0.64999998,4.972499847,-8.174776043,2018
,Gabon,,4.758,1.036,1.164,0.404,0.356,0.052,0.032,,GAB,66.187,-1.6017254,4610,1120,430,2119275,0.512109224,1.7,13.005,-8.261705858,2018
,South Africa,,4.724,0.94,1.41,0.33,0.516,0.056,0.103,,ZAF,63.857,-1.7624532,433250,45140,18820,57792520,0.839370776,1.61,12.3165,-12.10056337,2018
,Iran,,4.707,1.059,0.771,0.691,0.459,0.129,0.282,,IRN,76.479,-2.2408347,629290,149690,37580,81800204,1.267559374,1.13,8.6445,-13.19825171,2018
,Ghana,,4.657,0.592,0.896,0.337,0.499,0.029,0.212,,GHA,63.78,-2.187654,16110,21350,5790,29767108,0.510286947,0.79000002,6.043500153,-5.27157324,2018
,Senegal,,4.631,0.429,1.117,0.433,0.406,0.082,0.138,,SEN,67.665,-2.4968385,9860,10750,7820,15854324,1.127894689,0.029999999,0.229499992,-2.755690323,2018
,Laos,,4.623,0.72,1.034,0.441,0.626,0.174,0.23,,LAO,67.61,-2.548897,18790,7610,2740,7061498,0.978727837,1.85,14.1525,-16.40034271,2018
,Tunisia,,4.592,0.9,0.906,0.69,0.271,0.063,0.04,,TUN,76.505,-3.121404,29980,6420,3320,11565203,0.694091511,0.31999999,2.447999924,-4.820539967,2018
,Albania,,4.586,0.916,0.817,0.79,0.419,0.032,0.149,,ALB,78.458,-3.2481612,5560,3160,1100,2866376,0.968497327,0.85000002,6.502500153,-9.545815216,2018
,Sierra Leone,,4.571,0.256,0.813,0,0.355,0.053,0.238,,SLE,54.309,-2.3298561,1020,4610,1410,7650149,0.47010268,0.63999999,4.895999924,-4.631478787,2018
,Bangladesh,,4.5,0.532,0.85,0.579,0.58,0.144,0.153,,BGD,72.32,-3.616,82760,83790,29240,161376713,0.454380997,7.0700002,54.08550153,-28.19142409,2018
,Sri Lanka,,4.471,0.918,1.314,0.672,0.585,0.05,0.307,,LKA,76.812,-4.0633548,21630,10030,2240,21670000,0.287492932,1.48,11.322,-7.318349776,2018
,Iraq,,4.456,1.01,0.971,0.536,0.304,0.095,0.148,,IRQ,70.454,-3.8326976,188140,16750,5420,38433604,0.388351633,2.0899999,15.98849923,-10.04185739,2018
,Mali,,4.447,0.37,1.233,0.152,0.367,0.056,0.139,,MLI,58.893,-3.2567829,5620,23290,13820,19077755,1.684097577,0.1,0.765,-4.545117546,2018
,Namibia,,4.441,0.874,1.281,0.365,0.519,0.064,0.051,,NAM,63.373,-3.5425507,4250,4510,2870,2448300,2.714863492,0.91000003,6.961500229,-22.44207352,2018
,Cambodia,,4.433,0.549,1.088,0.457,0.696,0.065,0.256,,KHM,69.57,-3.944619,11160,20310,5160,16249795,0.842881205,1.26,9.639,-12.06915094,2018
,Burkina Faso,,4.424,0.314,1.097,0.254,0.312,0.128,0.175,,BFA,61.174,-3.5236224,4270,15600,9850,19751466,1.152318335,0.34999999,2.677499924,-6.608954655,2018
,Egypt,,4.419,0.885,1.025,0.553,0.312,0.107,0.092,,EGY,71.825,-4.1730325,246260,56870,22320,98423602,0.571029655,1.1900001,9.103500765,-9.371401399,2018
,Mozambique,,4.417,0.198,0.902,0.173,0.531,0.158,0.206,,MOZ,60.163,-3.5075029,6640,16850,10700,29496009,0.838212069,0.87,6.6555,-9.086223327,2018
,Kenya,,4.41,0.493,1.048,0.454,0.504,0.055,0.352,,KEN,66.342,-3.914178,18400,40250,18330,51392570,0.856323799,1.0700001,8.185500765,-10.92361711,2018
,Zambia,,4.377,0.562,1.047,0.295,0.503,0.082,0.221,,ZMB,63.51,-3.956673,7740,17870,14460,17351714,1.885213674,1.41,10.7865,-24.29153029,2018
,Mauritania,,4.356,0.557,1.245,0.292,0.129,0.093,0.134,,MRT,64.704,-4.1669376,4000,6830,3220,4403312,1.749164222,0,0,-4.1669376,2018
,Ethiopia,,4.35,0.308,0.95,0.391,0.452,0.146,0.22,,ETH,66.24,-4.3056,16280,103110,52160,109224410,1.129562305,1.0700001,8.185500765,-13.55163311,2018
,Georgia,,4.34,0.853,0.592,0.643,0.375,0.215,0.038,,GEO,73.6,-4.8576,9460,5210,2090,3726549,1.3833241,0.80000001,6.120000076,-13.3235436,2018
,Armenia,,4.321,0.816,0.99,0.666,0.26,0.028,0.077,,ARM,74.945,-5.0887655,5550,2430,1170,2951741,0.954974039,1.29,9.8685,-14.51292681,2018
,Myanmar,,4.308,0.682,1.174,0.429,0.58,0.178,0.598,,MMR,66.867,-4.6271964,32520,65790,21340,53708318,1.005108992,2.49,19.0485,-23.77301503,2018
,Chad,,4.301,0.358,0.907,0.053,0.189,0.06,0.181,,TCD,53.977,-3.7729923,1070,53990,24920,15477727,3.848532401,0.63,4.8195,-22.32099421,2018
,Congo (Kinshasa),,4.245,0.069,1.136,0.204,0.312,0.052,0.197,,COD,60.368,-4.557784,2200,38620,15790,84068092,0.456486113,2.6800001,20.50200077,-13.91666264,2018
,India,,4.19,0.721,0.747,0.485,0.539,0.093,0.172,,IND,69.416,-5.622696,2434520,666510,253790,1352642283,0.472706112,4.75,36.3375,-22.79965433,2018
,Niger,,4.166,0.131,0.867,0.221,0.39,0.099,0.175,,NER,62.024,-5.1728016,2290,29860,12250,22442831,1.326120027,0.58999997,4.513499771,-11.15824404,2018
,Uganda,,4.161,0.322,1.09,0.237,0.45,0.061,0.259,,UGA,62.973,-5.2834347,6130,33250,15460,42729032,0.864901737,1.83,13.9995,-17.39162656,2018
,Benin,,4.141,0.378,0.372,0.24,0.44,0.067,0.163,,BEN,61.47,-5.280273,7910,5530,2930,11485035,0.604304876,1.15,8.7975,-10.59664515,2018
,Sudan,,4.139,0.605,1.24,0.312,0.016,0.082,0.134,,SDN,65.095,-5.6046795,20200,58850,29610,41801532,1.67830993,0.47,3.5955,-11.63904285,2018
,Ukraine,,4.103,0.793,1.413,0.609,0.163,0.011,0.187,,UKR,71.58268293,-6.420966659,185370,62950,25310,44622518,1.409230484,0.94999999,7.267499923,-16.66254909,2018
,Togo,,3.999,0.259,0.474,0.253,0.434,0.101,0.158,,TGO,60.76,-6.082076,2260,3450,1870,7889095,0.557684286,0.98000002,7.497000153,-10.26303518,2018
,Guinea,,3.964,0.344,0.792,0.211,0.394,0.094,0.185,,GIN,61.185,-6.338766,3120,17830,6590,12414292,1.310810241,0.52999997,4.054499771,-11.65344582,2018
,Lesotho,,3.808,0.472,1.215,0.079,0.423,0.112,0.116,,LSO,53.705,-6.401636,2570,2320,820,2108327,0.974147442,1.74,13.311,-19.3685126,2018
,Angola,,3.795,0.73,1.125,0.269,0,0.061,0.079,,AGO,60.782,-7.324231,27340,35520,16440,30809787,1.280825355,1.35,10.3275,-20.55195485,2018
,Madagascar,,3.774,0.262,0.908,0.402,0.221,0.049,0.155,,MDG,66.681,-8.1750906,3370,17470,8770,26262313,0.790755399,0.36000001,2.754000077,-10.35283103,2018
,Zimbabwe,,3.692,0.357,1.094,0.248,0.406,0.099,0.132,,ZWE,61.195,-8.004306,12270,11850,6470,14438812,1.055482995,1.0700001,8.185500765,-16.64396286,2018
,Afghanistan,,3.632,0.332,0.537,0.255,0.085,0.036,0.191,,AFG,64.486,-8.8216848,7440,81510,8960,37171922,0.813297416,0.85000002,6.502500153,-14.11015137,2018
,Botswana,,3.59,1.017,1.174,0.417,0.557,0.092,0.042,,BWA,69.275,-9.767775,8210,4560,3160,2254067,3.231884399,0.88,6.732,-31.52482078,2018
,Malawi,,3.587,0.186,0.541,0.306,0.531,0.08,0.21,,MWI,63.798,-9.0146574,1570,11020,4970,18143215,0.657247794,1.24,9.486,-15.24930997,2018
,Haiti,,3.582,0.315,0.714,0.289,0.025,0.104,0.392,,HTI,63.66,-9.026988,3330,4730,1600,11123183,0.361840209,0.31,2.3715,-9.885092056,2018
,Liberia,,3.495,0.076,0.858,0.267,0.419,0.03,0.206,,LBR,63.73,-9.591365,1320,6210,1370,4818976,0.776285439,0.55000001,4.207500077,-12.85758604,2018
,Syria,,3.462,0.689,0.382,0.539,0.088,0.144,0.376,,SYR,71.779,-11.0396102,27910,12770,3210,16945062,0.512282234,1.47,11.2455,-16.80048006,2018
,Rwanda,,3.408,0.332,0.896,0.4,0.636,0.444,0.2,,RWA,68.7,-10.93704,1080,2910,1960,12301969,0.36604097,2.4200001,18.51300077,-17.71355676,2018
,Tanzania,,3.303,0.455,0.991,0.381,0.481,0.097,0.27,,TZA,65.015,-11.0330455,11580,62650,30340,56313444,1.281326286,1.0599999,8.108999235,-21.42331937,2018
,South Sudan,,3.254,0.337,0.608,0.177,0.112,0.106,0.224,,SSD,57.604,-10.0576584,1380,34170,23010,10975924,4.809585302,0.88999999,6.808499923,-42.80371956,2018
,Central African Republic,,3.083,0.024,0,0.01,0.305,0.038,0.218,,CAF,52.805,-10.1227185,330,23200,32110,4666375,15.04368841,2.1900001,16.75350077,-262.1571639,2018
,Burundi,,2.905,0.091,0.627,0.145,0.065,0.076,0.149,,BDI,61.247,-12.8312465,590,2140,2360,11175379,0.467516648,2.29,17.5185,-21.0214369,2018
